Fecha,Operacion,Contenedor,Cliente,Booking,Precinto,Estado,e-tally
2026-03-11,42571,HLBU-153726-2,Mercovan Argentina S...,40824842,**********          ,Arribado,http://dassaweb.mqbic.com/NewTallyExpoConsumo.php?id=28969
2026-03-12,42587,,Mercovan Argentina S...,26001PE01000046L,                    ,Arribado,http://dassaweb.mqbic.com/NewTallyExpoConsumo.php?id=6052
2026-03-13,42616,MRKU-756204-5,Mercovan Argentina S...,266608962,***********         ,Arribado,http://dassaweb.mqbic.com/NewTallyExpoConsumo.php?id=28987
2026-03-13,42617,TCLU-231872-4,Mercovan Argentina S...,266609035,***********         ,Arribado,http://dassaweb.mqbic.com/NewTallyExpoConsumo.php?id=28994
2026-08-26,46069,,Mercovan Argentina S...,26001PE01000251J,                    ,Pendiente,http://dassaweb.mqbic.com/NewTallyExpoConsumo.php?id=6052
2026-08-25,46101,HLBU-402231-6,Mercovan Argentina S...,98288229,****                ,Arribado,http://dassaweb.mqbic.com/NewTallyExpoConsumo.php?id=29989
2026-08-25,46103,UACU-859603-8,Mercovan Argentina S...,40700213,***********         ,Arribado,http://dassaweb.mqbic.com/NewTallyExpoConsumo.php?id=30009
2026-08-27,46151,HLBU-241391-8,Mercovan Argentina S...,40074357,****                ,Arribado,http://dassaweb.mqbic.com/NewTallyExpoConsumo.php?id=30023
2026-08-24,45999,MRKU-654033-4,Mercovan Argentina S...,275114004,*********           ,Arribado,http://dassaweb.mqbic.com/NewTallyExpoConsumo.php?id=29975
2026-08-24,46005,CMAU-025002-5,Mercovan Argentina S...,BUA0377332,K1224815            ,Arribado,http://dassaweb.mqbic.com/NewTallyExpoConsumo.php?id=29978
2026-08-14,45775,HLBU-411490-0,Mercovan Argentina S...,97597037,*****               ,Arribado,http://dassaweb.mqbic.com/NewTallyExpoConsumo.php?id=29892
2026-08-06,45529,MSNU-288423-5,Mercovan Argentina S...,LA0509323,*****               ,Arribado,http://dassaweb.mqbic.com/NewTallyExpoConsumo.php?id=29176
2026-08-06,45529,MSNU-288423-5,Mercovan Argentina S...,LA0509323,*****               ,Arribado,http://dassaweb.mqbic.com/NewTallyExpoConsumo.php?id=29803
2026-08-07,45540,HASU-475922-3,Mercovan Argentina S...,275046415,*****               ,Arribado,http://dassaweb.mqbic.com/NewTallyExpoConsumo.php?id=29816
2026-08-12,45703,HLBU-179405-0,Mercovan Argentina S...,51353208,****                ,Arribado,http://dassaweb.mqbic.com/NewTallyExpoConsumo.php?id=29851
2026-08-12,45704,MSDU-411957-5,Mercovan Argentina S...,EBKGQ0024E25,FX33005331          ,Arribado,http://dassaweb.mqbic.com/NewTallyExpoConsumo.php?id=29849
2026-07-31,45372,,Mercovan Argentina S...,26001PE01000213H,                    ,Arribado,http://dassaweb.mqbic.com/NewTallyExpoConsumo.php?id=6052
2026-07-31,45338,MRKU-625081-8,Mercovan Argentina S...,274395508,********            ,Arribado,http://dassaweb.mqbic.com/NewTallyExpoConsumo.php?id=29780
2026-07-31,45339,SUDU-760771-5,Mercovan Argentina S...,274395709,*****               ,Arribado,http://dassaweb.mqbic.com/NewTallyExpoConsumo.php?id=29781
2026-07-28,45237,TGHU-508343-2,Mercovan Argentina S...,32564052,************        ,Arribado,http://dassaweb.mqbic.com/NewTallyExpoConsumo.php?id=29768
2026-07-22,45133,UACU-849354-9,Mercovan Argentina S...,29052536,************        ,Arribado,http://dassaweb.mqbic.com/NewTallyExpoConsumo.php?id=29709
2026-07-22,45148,MRKU-798184-3,Mercovan Argentina S...,273894649,**********          ,Arribado,http://dassaweb.mqbic.com/NewTallyExpoConsumo.php?id=29710
2026-07-16,44921,TCNU-194968-2,Mercovan Argentina S...,55340990,*************       ,Arribado,http://dassaweb.mqbic.com/NewTallyExpoConsumo.php?id=29643
2026-07-16,44922,DFSU-709896-8,Mercovan Argentina S...,55340990,***********         ,Arribado,http://dassaweb.mqbic.com/NewTallyExpoConsumo.php?id=29644
2026-07-17,45040,TCLU-798786-7,Mercovan Argentina S...,38948703,********            ,Arribado,http://dassaweb.mqbic.com/NewTallyExpoConsumo.php?id=29689
2026-06-01,44101,MRKU-015010-7,Mercovan Argentina S...,270349706,**********          ,Arribado,http://dassaweb.mqbic.com/NewTallyExpoConsumo.php?id=29388
2026-06-12,44350,SEGU-361950-7,Mercovan Argentina S...,30938477,*************       ,Arribado,http://dassaweb.mqbic.com/NewTallyExpoConsumo.php?id=29494
2026-06-12,44351,GLDU-949681-8,Mercovan Argentina S...,46767492,*********           ,Arribado,http://dassaweb.mqbic.com/NewTallyExpoConsumo.php?id=29493
2026-07-07,44799,SUDU-769922-3,Mercovan Argentina S...,272417544,***********         ,Arribado,http://dassaweb.mqbic.com/NewTallyExpoConsumo.php?id=29612
2026-05-20,43856,HLXU-535661-3,Mercovan Argentina S...,34997754,****************    ,Arribado,http://dassaweb.mqbic.com/NewTallyExpoConsumo.php?id=29315
2026-05-20,43856,HLXU-535661-3,Mercovan Argentina S...,34997754,****************    ,Arribado,http://dassaweb.mqbic.com/NewTallyExpoConsumo.php?id=29987
2026-05-27,43995,MEDU-685160-7,Mercovan Argentina S...,LA0494519,***************     ,Arribado,http://dassaweb.mqbic.com/NewTallyExpoConsumo.php?id=29354
2026-05-06,43615,UETU-283007-7,Mercovan Argentina S...,37752311,**************      ,Arribado,http://dassaweb.mqbic.com/NewTallyExpoConsumo.php?id=29248
2026-05-12,43714,TGBU-588043-4,Mercovan Argentina S...,26486687,**********          ,Arribado,http://dassaweb.mqbic.com/NewTallyExpoConsumo.php?id=29270
2026-05-15,43774,MSBU-203243-7,Mercovan Argentina S...,LA0493190,************        ,Arribado,http://dassaweb.mqbic.com/NewTallyExpoConsumo.php?id=29280
2026-04-28,43468,MSKU-563190-9,Mercovan Argentina S...,269690023,**************      ,Arribado,http://dassaweb.mqbic.com/NewTallyExpoConsumo.php?id=29204
2026-04-28,43471,MRKU-949816-1,Mercovan Argentina S...,269509687,************        ,Arribado,http://dassaweb.mqbic.com/NewTallyExpoConsumo.php?id=29206
2026-03-27,42930,HLXU-538809-8,Mercovan Argentina S...,20975885,**************      ,Arribado,http://dassaweb.mqbic.com/NewTallyExpoConsumo.php?id=29076
2026-03-13,42618,MRKU-804263-9,Mercovan Argentina S...,266608779,**********          ,Arribado,http://dassaweb.mqbic.com/NewTallyExpoConsumo.php?id=28988
2026-03-13,42629,HASU-405406-4,Mercovan Argentina S...,266745333,**********          ,Arribado,http://dassaweb.mqbic.com/NewTallyExpoConsumo.php?id=28986
2026-03-17,42736,GESU-108813-5,Mercovan Argentina S...,10731513,*********           ,Arribado,http://dassaweb.mqbic.com/NewTallyExpoConsumo.php?id=29036
2026-03-18,42789,CAIU-356240-4,Mercovan Argentina S...,92033560,*************       ,Arribado,http://dassaweb.mqbic.com/NewTallyExpoConsumo.php?id=29042
2026-03-10,42558,,Lift Van Int. Co S.A,26001PE01000043X,                    ,Arribado,http://dassaweb.mqbic.com/NewTallyExpoConsumo.php?id=6052
2026-03-12,42612,MSKU-657982-6,Lift Van Int. Co S.A,265641125,***********         ,Arribado,http://dassaweb.mqbic.com/NewTallyExpoConsumo.php?id=28985
2026-03-26,42862,LCRU-430195-7,Lift Van Int. Co S.A,LA0482275,************        ,Arribado,http://dassaweb.mqbic.com/NewTallyExpoConsumo.php?id=29067
2026-09-07,46446,,Lift Van Int. Co S.A,EBKGQ0025CAC,                    ,Pendiente,http://dassaweb.mqbic.com/NewTallyExpoConsumo.php?id=6052
2026-09-04,46447,,Lift Van Int. Co S.A,31242164,                    ,Pendiente,http://dassaweb.mqbic.com/NewTallyExpoConsumo.php?id=6052
2026-08-25,46102,HLXU-535661-3,Lift Van Int. Co S.A,39257935,**********          ,Arribado,http://dassaweb.mqbic.com/NewTallyExpoConsumo.php?id=29315
2026-08-25,46102,HLXU-535661-3,Lift Van Int. Co S.A,39257935,**********          ,Arribado,http://dassaweb.mqbic.com/NewTallyExpoConsumo.php?id=29987
2026-08-25,46082,HLBU-113696-9,Lift Van Int. Co S.A,13626213,*****               ,Arribado,http://dassaweb.mqbic.com/NewTallyExpoConsumo.php?id=29988
2026-08-25,46083,UACU-853769-4,Lift Van Int. Co S.A,40702570,*********           ,Arribado,http://dassaweb.mqbic.com/NewTallyExpoConsumo.php?id=29986
2026-08-25,46081,HLBU-180770-6,Lift Van Int. Co S.A,36652491,******              ,Arribado,http://dassaweb.mqbic.com/NewTallyExpoConsumo.php?id=29985
2026-08-13,45753,TCLU-418075-8,Lift Van Int. Co S.A,97018959,**********          ,Arribado,http://dassaweb.mqbic.com/NewTallyExpoConsumo.php?id=29882
2026-08-19,45779,UACU-848237-5,Lift Van Int. Co S.A,90310422,******              ,Arribado,http://dassaweb.mqbic.com/NewTallyExpoConsumo.php?id=29927
2026-07-31,45360,MSDU-403036-4,Lift Van Int. Co S.A,EBKG17954676,fx45805215          ,Arribado,http://dassaweb.mqbic.com/NewTallyExpoConsumo.php?id=29770
2026-07-31,45367,UETU-267872-4,Lift Van Int. Co S.A,EBKG17940100,FX45805402          ,Arribado,http://dassaweb.mqbic.com/NewTallyExpoConsumo.php?id=29776
2026-07-31,45368,FBIU-028696-8,Lift Van Int. Co S.A,EBKG17940046,FX45805396          ,Arribado,http://dassaweb.mqbic.com/NewTallyExpoConsumo.php?id=29775
2026-08-05,45426,MRKU-475475-9,Lift Van Int. Co S.A,272297279,********            ,Arribado,http://dassaweb.mqbic.com/NewTallyExpoConsumo.php?id=29798
2026-07-24,45186,UACU-847510-2,Lift Van Int. Co S.A,97460713,**************      ,Arribado,http://dassaweb.mqbic.com/NewTallyExpoConsumo.php?id=29741
2026-07-27,45199,HLBU-134871-5,Lift Van Int. Co S.A,32325238,**********          ,Arribado,http://dassaweb.mqbic.com/NewTallyExpoConsumo.php?id=29729
2026-07-21,45107,GCXU-247266-8,Lift Van Int. Co S.A,16931739,*********           ,Arribado,http://dassaweb.mqbic.com/NewTallyExpoConsumo.php?id=29711
2026-07-23,45164,HLBU-379852-1,Lift Van Int. Co S.A,25054489,**********          ,Arribado,http://dassaweb.mqbic.com/NewTallyExpoConsumo.php?id=29733
2026-07-27,45181,SEGU-176350-0,Lift Van Int. Co S.A,19376020,********            ,Arribado,http://dassaweb.mqbic.com/NewTallyExpoConsumo.php?id=29730
2026-07-15,44994,HLBU-183112-7,Lift Van Int. Co S.A,50005043,*********           ,Arribado,http://dassaweb.mqbic.com/NewTallyExpoConsumo.php?id=29645
2026-07-17,45063,FDCU-003762-7,Lift Van Int. Co S.A,48025250,0437855             ,Arribado,http://dassaweb.mqbic.com/NewTallyExpoConsumo.php?id=29670
2026-07-21,45103,UACU-389615-6,Lift Van Int. Co S.A,27984207,**********          ,Arribado,http://dassaweb.mqbic.com/NewTallyExpoConsumo.php?id=29712
2026-07-13,44916,MRKU-084347-8,Lift Van Int. Co S.A,271776238,***********         ,Arribado,http://dassaweb.mqbic.com/NewTallyExpoConsumo.php?id=29617
2026-07-13,44917,TCLU-446595-6,Lift Van Int. Co S.A,10935126,*********           ,Arribado,http://dassaweb.mqbic.com/NewTallyExpoConsumo.php?id=29614
2026-07-14,44930,GESU-145190-8,Lift Van Int. Co S.A,11922594,**********          ,Arribado,http://dassaweb.mqbic.com/NewTallyExpoConsumo.php?id=29619
2026-07-14,44932,HLBU-177531-6,Lift Van Int. Co S.A,93498575,*************       ,Arribado,http://dassaweb.mqbic.com/NewTallyExpoConsumo.php?id=29630
2026-07-06,44759,UACU-846166-5,Lift Van Int. Co S.A,96825600,************        ,Arribado,http://dassaweb.mqbic.com/NewTallyExpoConsumo.php?id=29591
2026-07-07,44800,CAIU-264361-0,Lift Van Int. Co S.A,18711651,****************    ,Arribado,http://dassaweb.mqbic.com/NewTallyExpoConsumo.php?id=29611
2026-07-13,44915,FBIU-009171-3,Lift Van Int. Co S.A,34563285,***********         ,Arribado,http://dassaweb.mqbic.com/NewTallyExpoConsumo.php?id=29613
2026-06-29,44637,SUDU-780914-6,Lift Van Int. Co S.A,271957134,***********         ,Arribado,http://dassaweb.mqbic.com/NewTallyExpoConsumo.php?id=29569
2026-06-30,44674,CAAU-200279-0,Lift Van Int. Co S.A,45424059,***********         ,Arribado,http://dassaweb.mqbic.com/NewTallyExpoConsumo.php?id=29571
2026-06-16,44389,MEDU-401069-5,Lift Van Int. Co S.A,LA0498942,************        ,Arribado,http://dassaweb.mqbic.com/NewTallyExpoConsumo.php?id=29491
2026-06-19,44464,HLBU-121215-9,Lift Van Int. Co S.A,27054317,***********         ,Arribado,http://dassaweb.mqbic.com/NewTallyExpoConsumo.php?id=29513
2026-06-29,44636,SEGU-159672-1,Lift Van Int. Co S.A,42678947,***********         ,Arribado,http://dassaweb.mqbic.com/NewTallyExpoConsumo.php?id=29568
2026-06-01,44078,TCLU-214857-2,Lift Van Int. Co S.A,LA0495132,************        ,Arribado,http://dassaweb.mqbic.com/NewTallyExpoConsumo.php?id=29384
2026-06-01,44123,UACU-391837-9,Lift Van Int. Co S.A,14549424,***********         ,Arribado,http://dassaweb.mqbic.com/NewTallyExpoConsumo.php?id=29391
2026-06-05,44153,TTNU-584955-5,Lift Van Int. Co S.A,LA0496236,**********          ,Arribado,http://dassaweb.mqbic.com/NewTallyExpoConsumo.php?id=29406
2026-06-05,44195,FCIU-656014-7,Lift Van Int. Co S.A,45398305,******              ,Arribado,http://dassaweb.mqbic.com/NewTallyExpoConsumo.php?id=29408
2026-05-19,43857,,Lift Van Int. Co S.A,26001PE01000111E,                    ,Arribado,http://dassaweb.mqbic.com/NewTallyExpoConsumo.php?id=6052
2026-05-27,44020,TCLU-305533-0,Lift Van Int. Co S.A,LA0494103,***********         ,Arribado,http://dassaweb.mqbic.com/NewTallyExpoConsumo.php?id=29355
2026-04-22,43346,,Lift Van Int. Co S.A,26001PE1000088R,                    ,Arribado,http://dassaweb.mqbic.com/NewTallyExpoConsumo.php?id=6052
2026-04-22,43347,,Lift Van Int. Co S.A,26001PER1000170U,                    ,Arribado,http://dassaweb.mqbic.com/NewTallyExpoConsumo.php?id=6052
2026-04-09,43107,,Lift Van Int. Co S.A,26001PER1000141S,                    ,Arribado,http://dassaweb.mqbic.com/NewTallyExpoConsumo.php?id=6052
2026-04-10,43128,TRHU-319502-9,Lift Van Int. Co S.A,11112923,*************       ,Arribado,http://dassaweb.mqbic.com/NewTallyExpoConsumo.php?id=29112
2026-04-20,43249,MSNU-288423-5,Lift Van Int. Co S.A,LA0488294,*********           ,Arribado,http://dassaweb.mqbic.com/NewTallyExpoConsumo.php?id=29176
2026-04-20,43249,MSNU-288423-5,Lift Van Int. Co S.A,LA0488294,*********           ,Arribado,http://dassaweb.mqbic.com/NewTallyExpoConsumo.php?id=29803
2026-09-07,46445,,Edelweiss Spedition ...,BUA0377951,                    ,Pendiente,http://dassaweb.mqbic.com/NewTallyExpoConsumo.php?id=6052
2026-08-25,46056,UACU-849385-2,Edelweiss Spedition ...,17929462,*********           ,Arribado,http://dassaweb.mqbic.com/NewTallyExpoConsumo.php?id=30022
2026-04-10,43125,DFSU-661294-3,Edelweiss Spedition ...,32046950,*************       ,Arribado,http://dassaweb.mqbic.com/NewTallyExpoConsumo.php?id=29111
2026-04-17,43234,MRKU-684262-7,Edelweiss Spedition ...,269507196,********            ,Arribado,http://dassaweb.mqbic.com/NewTallyExpoConsumo.php?id=29202
2026-06-23,44527,GLDU-973547-1,Santana Textil Chaco...,LA0501618,**********          ,Arribado,http://dassaweb.mqbic.com/NewTallyExpoConsumo.php?id=29521
2026-06-23,44528,TEMU-816743-2,Santana Textil Chaco...,LA0501618,***********         ,Arribado,http://dassaweb.mqbic.com/NewTallyExpoConsumo.php?id=29522
2026-06-23,44529,DRYU-940387-0,Santana Textil Chaco...,LA0501618,*************       ,Arribado,http://dassaweb.mqbic.com/NewTallyExpoConsumo.php?id=29523
2026-06-23,44530,MSMU-587546-5,Santana Textil Chaco...,LA0501618,***********         ,Arribado,http://dassaweb.mqbic.com/NewTallyExpoConsumo.php?id=29524
2026-06-23,44531,CAIU-475848-0,Santana Textil Chaco...,LA0501618,***********         ,Arribado,http://dassaweb.mqbic.com/NewTallyExpoConsumo.php?id=29525
2026-08-04,45476,FCIU-988340-0,Leave It S.A.,SHE180105015,XXX                 ,Arribado,
2026-03-09,42507,MRSU-359490-0,Minera Santa Rita Sr...,267107907,***********         ,Arribado,http://dassaweb.mqbic.com/NewTallyExpoConsumo.php?id=28958
2026-03-09,42508,TCKU-707383-8,Minera Santa Rita Sr...,267107907,***************     ,Arribado,http://dassaweb.mqbic.com/NewTallyExpoConsumo.php?id=28961
2026-03-09,42509,MRKU-589985-0,Minera Santa Rita Sr...,267107885,****************    ,Arribado,http://dassaweb.mqbic.com/NewTallyExpoConsumo.php?id=28959
2026-08-06,45510,DFSU-758755-2,Minera Santa Rita Sr...,COSU6509846030,*****               ,Arribado,http://dassaweb.mqbic.com/NewTallyExpoConsumo.php?id=29815
2026-09-02,46343,MAGU-548600-8,Minera Santa Rita Sr...,ZIMUBUE9053177,*****               ,Arribado,
2026-07-16,45002,TCNU-275718-0,Minera Santa Rita Sr...,ZIMUBUE9051406,      **************,Arribado,http://dassaweb.mqbic.com/NewTallyExpoConsumo.php?id=29668
2026-07-16,45003,ZCSU-735069-6,Minera Santa Rita Sr...,ZIMUBUE9051405,*********           ,Arribado,http://dassaweb.mqbic.com/NewTallyExpoConsumo.php?id=29646
2026-07-16,45004,ZCSU-775333-0,Minera Santa Rita Sr...,ZIMUBUE9051405,***********         ,Arribado,http://dassaweb.mqbic.com/NewTallyExpoConsumo.php?id=29647
2026-07-16,45005,ZCSU-764806-3,Minera Santa Rita Sr...,ZIMUBUE9051405,************        ,Arribado,http://dassaweb.mqbic.com/NewTallyExpoConsumo.php?id=29648
2026-07-16,45006,ZCSU-683195-3,Minera Santa Rita Sr...,ZIMUBUE9051405,***********         ,Arribado,http://dassaweb.mqbic.com/NewTallyExpoConsumo.php?id=29650
2026-07-16,45007,TEMU-677207-5,Minera Santa Rita Sr...,ZIMUBUE9051405,*********           ,Arribado,http://dassaweb.mqbic.com/NewTallyExpoConsumo.php?id=29649
2026-06-22,44494,PCIU-952826-2,Minera Santa Rita Sr...,BUE600122400,***********         ,Arribado,http://dassaweb.mqbic.com/NewTallyExpoConsumo.php?id=29512
2026-06-19,44462,CAIU-889405-8,Minera Santa Rita Sr...,BUE600122500,************        ,Arribado,http://dassaweb.mqbic.com/NewTallyExpoConsumo.php?id=29506
2026-06-19,44463,BMOU-496650-3,Minera Santa Rita Sr...,BUE600122500,*************       ,Arribado,http://dassaweb.mqbic.com/NewTallyExpoConsumo.php?id=29507
2026-06-22,44493,PCIU-951752-4,Minera Santa Rita Sr...,BUE600122400,**********          ,Arribado,http://dassaweb.mqbic.com/NewTallyExpoConsumo.php?id=29511
2026-06-12,44290,FFAU-486190-4,Minera Santa Rita Sr...,BUE600108300,************        ,Arribado,http://dassaweb.mqbic.com/NewTallyExpoConsumo.php?id=29485
2026-06-12,44291,GCXU-510289-9,Minera Santa Rita Sr...,BUE600108300,*************       ,Arribado,http://dassaweb.mqbic.com/NewTallyExpoConsumo.php?id=29486
2026-06-12,44292,HPCU-434400-0,Minera Santa Rita Sr...,BUE600108300,**********          ,Arribado,http://dassaweb.mqbic.com/NewTallyExpoConsumo.php?id=29487
2026-05-04,43544,MSKU-771017-0,Minera Santa Rita Sr...,269758749,**********          ,Arribado,http://dassaweb.mqbic.com/NewTallyExpoConsumo.php?id=29232
2026-05-18,43804,PCIU-943731-0,Minera Santa Rita Sr...,BUE600085700,*************       ,Arribado,http://dassaweb.mqbic.com/NewTallyExpoConsumo.php?id=29294
2026-05-18,43805,PIDU-411858-7,Minera Santa Rita Sr...,BUE600085700,**********          ,Arribado,http://dassaweb.mqbic.com/NewTallyExpoConsumo.php?id=29295
2026-05-04,43538,CAIU-628431-2,Minera Santa Rita Sr...,269758749,**************      ,Arribado,http://dassaweb.mqbic.com/NewTallyExpoConsumo.php?id=29226
2026-05-04,43539,SUDU-796119-0,Minera Santa Rita Sr...,269758749,***********         ,Arribado,http://dassaweb.mqbic.com/NewTallyExpoConsumo.php?id=29227
2026-05-04,43540,TCLU-246909-0,Minera Santa Rita Sr...,269758749,************        ,Arribado,http://dassaweb.mqbic.com/NewTallyExpoConsumo.php?id=29228
2026-05-04,43541,MSKU-385926-9,Minera Santa Rita Sr...,269758749,**************      ,Arribado,http://dassaweb.mqbic.com/NewTallyExpoConsumo.php?id=29229
2026-05-04,43542,MSKU-279572-4,Minera Santa Rita Sr...,269758749,*********           ,Arribado,http://dassaweb.mqbic.com/NewTallyExpoConsumo.php?id=29230
2026-05-04,43543,TEMU-245747-6,Minera Santa Rita Sr...,269758749,**********          ,Arribado,http://dassaweb.mqbic.com/NewTallyExpoConsumo.php?id=29231
2026-04-21,43301,TGBU-576961-0,Minera Santa Rita Sr...,ZIMUBUE9049221,***********         ,Arribado,http://dassaweb.mqbic.com/NewTallyExpoConsumo.php?id=29170
2026-04-21,43302,TGBU-717847-4,Minera Santa Rita Sr...,ZIMUBUE9049220,************        ,Arribado,http://dassaweb.mqbic.com/NewTallyExpoConsumo.php?id=29172
2026-04-21,43303,JXLU-475040-4,Minera Santa Rita Sr...,ZIMUBUE9049220,******************* ,Arribado,http://dassaweb.mqbic.com/NewTallyExpoConsumo.php?id=29173
2026-04-21,43304,ZCSU-735448-0,Minera Santa Rita Sr...,ZIMUBUE9049220,***********         ,Arribado,http://dassaweb.mqbic.com/NewTallyExpoConsumo.php?id=29174
2026-04-21,43300,JXLU-623862-9,Minera Santa Rita Sr...,ZIMUBUE9049221,***********         ,Arribado,http://dassaweb.mqbic.com/NewTallyExpoConsumo.php?id=29171
2026-04-15,43193,TCLU-784116-8,Minera Santa Rita Sr...,ZIMUBUE9049078,***********         ,Arribado,http://dassaweb.mqbic.com/NewTallyExpoConsumo.php?id=29141
2026-04-15,43194,ZCSU-753876-5,Minera Santa Rita Sr...,ZIMUBUE9049078,*************       ,Arribado,http://dassaweb.mqbic.com/NewTallyExpoConsumo.php?id=29142
2026-04-15,43195,ZCSU-694995-1,Minera Santa Rita Sr...,ZIMUBUE9049078,***************     ,Arribado,http://dassaweb.mqbic.com/NewTallyExpoConsumo.php?id=29143
2026-04-15,43196,ZCSU-685417-8,Minera Santa Rita Sr...,ZIMUBUE9049078,**************      ,Arribado,http://dassaweb.mqbic.com/NewTallyExpoConsumo.php?id=29144
2026-04-15,43197,ZCSU-766182-5,Minera Santa Rita Sr...,ZIMUBUE9049078,*************       ,Arribado,http://dassaweb.mqbic.com/NewTallyExpoConsumo.php?id=29145
2026-04-16,43212,PCIU-004631-5,Minera Santa Rita Sr...,BUE600065000,**********          ,Arribado,http://dassaweb.mqbic.com/NewTallyExpoConsumo.php?id=29139
2026-04-13,43135,CAIU-709810-1,Minera Santa Rita Sr...,BUE600058000,***********         ,Arribado,http://dassaweb.mqbic.com/NewTallyExpoConsumo.php?id=29147
2026-04-13,43136,PCIU-953568-3,Minera Santa Rita Sr...,BUE600058000,**********          ,Arribado,http://dassaweb.mqbic.com/NewTallyExpoConsumo.php?id=29148
2026-04-15,43192,CAAU-714832-3,Minera Santa Rita Sr...,ZIMUBUE9049078,**********          ,Arribado,http://dassaweb.mqbic.com/NewTallyExpoConsumo.php?id=29140
2026-04-13,43132,PIDU-413420-6,Minera Santa Rita Sr...,BUE600058000,************        ,Arribado,http://dassaweb.mqbic.com/NewTallyExpoConsumo.php?id=29146
2026-04-09,43112,MRKU-090396-2,Minera Santa Rita Sr...,267597874,************        ,Arribado,http://dassaweb.mqbic.com/NewTallyExpoConsumo.php?id=29109
2026-04-09,43115,SEKU-164358-2,Minera Santa Rita Sr...,267597836,***********         ,Arribado,http://dassaweb.mqbic.com/NewTallyExpoConsumo.php?id=29110
2026-03-31,42984,PCIU-901673-3,Minera Santa Rita Sr...,BUE600058500,****                ,Arribado,http://dassaweb.mqbic.com/NewTallyExpoConsumo.php?id=29095
2026-03-31,42985,PCIU-880006-2,Minera Santa Rita Sr...,BUE600058500,************        ,Arribado,http://dassaweb.mqbic.com/NewTallyExpoConsumo.php?id=29096
2026-04-01,42889,MRKU-029761-2,Minera Santa Rita Sr...,267426669,                    ,Arribado,http://dassaweb.mqbic.com/NewTallyExpoConsumo.php?id=29090
2026-04-01,42890,MRKU-021283-1,Minera Santa Rita Sr...,267426669,***********         ,Arribado,http://dassaweb.mqbic.com/NewTallyExpoConsumo.php?id=29091
2026-04-01,42891,MRKU-109888-9,Minera Santa Rita Sr...,267426669,**********          ,Arribado,http://dassaweb.mqbic.com/NewTallyExpoConsumo.php?id=29092
2026-03-31,42845,BEAU-647863-2,Minera Santa Rita Sr...,BUE600058500,***********         ,Arribado,http://dassaweb.mqbic.com/NewTallyExpoConsumo.php?id=29094
2026-04-01,42886,MRKU-069806-6,Minera Santa Rita Sr...,267426669,************        ,Arribado,http://dassaweb.mqbic.com/NewTallyExpoConsumo.php?id=29087
2026-04-01,42887,MRKU-107698-2,Minera Santa Rita Sr...,267426669,*************       ,Arribado,http://dassaweb.mqbic.com/NewTallyExpoConsumo.php?id=29088
2026-04-01,42888,MRKU-075897-2,Minera Santa Rita Sr...,267426669,***********         ,Arribado,http://dassaweb.mqbic.com/NewTallyExpoConsumo.php?id=29089
2026-03-16,42668,MRKU-033893-8,Minera Santa Rita Sr...,267375603,*********           ,Arribado,http://dassaweb.mqbic.com/NewTallyExpoConsumo.php?id=29000
2026-03-09,42510,TGBU-888699-2,Minera Santa Rita Sr...,267107885,************        ,Arribado,http://dassaweb.mqbic.com/NewTallyExpoConsumo.php?id=28960
2026-03-12,42602,MRSU-404273-6,Minera Santa Rita Sr...,266914658,******************  ,Arribado,http://dassaweb.mqbic.com/NewTallyExpoConsumo.php?id=28978
2026-06-26,44605,HLBU-235206-8,Neygi Moving Srl,38002536,****************    ,Arribado,http://dassaweb.mqbic.com/NewTallyExpoConsumo.php?id=29558
2026-06-29,44652,HLBU-308807-3,Neygi Moving Srl,98177190,*********           ,Arribado,http://dassaweb.mqbic.com/NewTallyExpoConsumo.php?id=29570
2026-07-15,44981,EITU-307270-7,Neygi Moving Srl,340600022471,*********           ,Arribado,http://dassaweb.mqbic.com/NewTallyExpoConsumo.php?id=29637
2026-08-21,45955,UACU-598506-2,Neygi Moving Srl,46712278,***                 ,Arribado,http://dassaweb.mqbic.com/NewTallyExpoConsumo.php?id=29952
2026-08-21,45956,HLBU-180529-9,Neygi Moving Srl,48752932,******              ,Arribado,http://dassaweb.mqbic.com/NewTallyExpoConsumo.php?id=29951
2026-08-25,46034,FSCU-879608-5,Neygi Moving Srl,BUA0376419,K1236828            ,Arribado,http://dassaweb.mqbic.com/NewTallyExpoConsumo.php?id=30003
2026-08-14,45850,FSCU-476180-9,Neygi Moving Srl,EBKG18110474,FX45812581          ,Arribado,http://dassaweb.mqbic.com/NewTallyExpoConsumo.php?id=29920
2026-08-14,45851,MSCU-449900-2,Neygi Moving Srl,EBKG17920330,FX45812560          ,Arribado,http://dassaweb.mqbic.com/NewTallyExpoConsumo.php?id=29919
2026-07-24,45180,CAIU-900210-9,Neygi Moving Srl,38983174,***********         ,Arribado,http://dassaweb.mqbic.com/NewTallyExpoConsumo.php?id=29735
2026-07-27,45198,FBIU-009480-0,Neygi Moving Srl,22322435,************        ,Arribado,http://dassaweb.mqbic.com/NewTallyExpoConsumo.php?id=29734
2026-07-29,45257,CMAU-777342-9,Neygi Moving Srl,BUA0374200,K1229777            ,Arribado,http://dassaweb.mqbic.com/NewTallyExpoConsumo.php?id=29774
2026-07-23,45159,,Neygi Moving Srl,26001PE01000190L,                    ,Arribado,http://dassaweb.mqbic.com/NewTallyExpoConsumo.php?id=6052
2026-07-24,45178,HAMU-226386-5,Neygi Moving Srl,98291264,**************      ,Arribado,http://dassaweb.mqbic.com/NewTallyExpoConsumo.php?id=29736
2026-04-27,43450,KKFU-794086-0,Aniceto Gomez Sa,BUEG03758300,*************       ,Arribado,http://dassaweb.mqbic.com/NewTallyExpoConsumo.php?id=29201
2026-06-22,44475,OOCU-910626-8,Aniceto Gomez Sa,COSU6504435310,*************       ,Arribado,http://dassaweb.mqbic.com/NewTallyExpoConsumo.php?id=29515
2026-07-15,44979,TEMU-851768-0,Aniceto Gomez Sa,14700836,*****************   ,Arribado,http://dassaweb.mqbic.com/NewTallyExpoConsumo.php?id=29638
2026-08-12,45692,ONEU-197670-8,Aniceto Gomez Sa,BUEG10748700,*****               ,Arribado,http://dassaweb.mqbic.com/NewTallyExpoConsumo.php?id=29850
2026-05-07,43623,HLBU-359122-0,Rubber Service Srl,34144091,********            ,Arribado,http://dassaweb.mqbic.com/NewTallyExpoConsumo.php?id=29256
2026-08-31,46187,MEDU-584528-2,Rubber Service Srl,LA0512408,******              ,Arribado,
2026-05-04,43493,MRSU-512809-5,A La Orden,269694450,*************       ,Arribado,http://dassaweb.mqbic.com/NewTallyExpoConsumo.php?id=29239
2026-09-04,46365,,Termoplasticos Del S...,EBKG18490644,                    ,Pendiente,http://dassaweb.mqbic.com/NewTallyExpoConsumo.php?id=6052
2026-09-04,46366,,Termoplasticos Del S...,EBKG18490644,                    ,Pendiente,http://dassaweb.mqbic.com/NewTallyExpoConsumo.php?id=6052
2026-08-28,46193,CAAU-228132-8,Termoplasticos Del S...,98887331,*****               ,Arribado,
2026-07-23,45174,HLBU-389898-4,Termoplasticos Del S...,45395789,*********           ,Arribado,http://dassaweb.mqbic.com/NewTallyExpoConsumo.php?id=29726
2026-07-23,45175,SEKU-149462-1,Termoplasticos Del S...,45395789,*********           ,Arribado,http://dassaweb.mqbic.com/NewTallyExpoConsumo.php?id=29725
2026-07-24,45176,HLBU-415379-0,Termoplasticos Del S...,45395789,***********         ,Arribado,http://dassaweb.mqbic.com/NewTallyExpoConsumo.php?id=29727
2026-07-01,44706,MSBU-112329-7,Termoplasticos Del S...,EBKG1752756,FX45818065          ,Arribado,http://dassaweb.mqbic.com/NewTallyExpoConsumo.php?id=29577
2026-07-02,44732,MSMU-230214-0,Termoplasticos Del S...,EBKG17542718,FX45815922          ,Arribado,http://dassaweb.mqbic.com/NewTallyExpoConsumo.php?id=29585
2026-06-04,44167,UETU-312519-5,Termoplasticos Del S...,EBKG17166321,FX33003768          ,Arribado,http://dassaweb.mqbic.com/NewTallyExpoConsumo.php?id=29405
2026-06-11,44297,FANU-135719-6,Termoplasticos Del S...,94695140,************        ,Arribado,http://dassaweb.mqbic.com/NewTallyExpoConsumo.php?id=29475
2026-06-24,44564,FANU-501370-6,Termoplasticos Del S...,45759782,*********           ,Arribado,http://dassaweb.mqbic.com/NewTallyExpoConsumo.php?id=29526
2026-04-08,43091,UACU-396618-7,Termoplasticos Del S...,36842177,                    ,Arribado,http://dassaweb.mqbic.com/NewTallyExpoConsumo.php?id=29107
2026-04-13,43137,HLBU-355306-7,Termoplasticos Del S...,36815061,                    ,Arribado,http://dassaweb.mqbic.com/NewTallyExpoConsumo.php?id=29113
2026-04-13,43138,HLBU-388346-0,Termoplasticos Del S...,36815061,                    ,Arribado,http://dassaweb.mqbic.com/NewTallyExpoConsumo.php?id=29114
2026-04-13,43139,HLBU-408077-6,Termoplasticos Del S...,36815061,                    ,Arribado,http://dassaweb.mqbic.com/NewTallyExpoConsumo.php?id=29115
2026-04-13,43140,HLBU-372292-7,Termoplasticos Del S...,36815061,                    ,Arribado,http://dassaweb.mqbic.com/NewTallyExpoConsumo.php?id=29116
2026-04-13,43141,HLBU-412317-9,Termoplasticos Del S...,36815061,                    ,Arribado,http://dassaweb.mqbic.com/NewTallyExpoConsumo.php?id=29117
2026-08-26,46168,,Fijaciones Py S.A.,26001EC01057760N,                    ,Arribado,http://dassaweb.mqbic.com/NewTallyExpoConsumo.php?id=6052
2026-04-23,43377,DCIU-552742-0,Dpmg S.A.,26001EC03004160B,                    ,Arribado,http://dassaweb.mqbic.com/NewTallyExpoConsumo.php?id=29175
2026-04-23,43378,ZHIU-202220-8,Dpmg S.A.,26001EC03004158X,                    ,Arribado,http://dassaweb.mqbic.com/NewTallyExpoConsumo.php?id=29177
2026-05-18,43820,EURU-524234-7,Dpmg S.A.,26001EC03005223C,                    ,Arribado,http://dassaweb.mqbic.com/NewTallyExpoConsumo.php?id=29281
2026-05-18,43821,DCIU-552745-6,Dpmg S.A.,26001EC03005227G,                    ,Arribado,http://dassaweb.mqbic.com/NewTallyExpoConsumo.php?id=29282
2026-03-26,42898,NIDU-235514-5,Refractarios Argenti...,27929752,********            ,Arribado,http://dassaweb.mqbic.com/NewTallyExpoConsumo.php?id=29068
2026-03-26,42899,CAIU-634886-5,Refractarios Argenti...,27929752,*****************   ,Arribado,http://dassaweb.mqbic.com/NewTallyExpoConsumo.php?id=29069
2026-05-08,43589,HLBU-388140-4,Refractarios Argenti...,16077430,***********         ,Arribado,http://dassaweb.mqbic.com/NewTallyExpoConsumo.php?id=29258
2026-05-08,43665,HLBU-378496-0,Refractarios Argenti...,65666435,***********         ,Arribado,http://dassaweb.mqbic.com/NewTallyExpoConsumo.php?id=29261
2026-08-26,46106,TGBU-259876-7,Refractarios Argenti...,ZIMUBUE9052450,*****               ,Arribado,http://dassaweb.mqbic.com/NewTallyExpoConsumo.php?id=30010
2026-08-26,46107,TEMU-467038-8,Refractarios Argenti...,ZIMUBUE9052450,*****               ,Arribado,http://dassaweb.mqbic.com/NewTallyExpoConsumo.php?id=30011
2026-03-09,42514,NYKU-380832-6,Pelama Chubut S.A.,BUEG01969500,************        ,Arribado,http://dassaweb.mqbic.com/NewTallyExpoConsumo.php?id=28957
2026-03-11,42583,UACU-860794-0,Pelama Chubut S.A.,32261158,**************      ,Arribado,http://dassaweb.mqbic.com/NewTallyExpoConsumo.php?id=28984
2026-03-17,42722,MRKU-467046-8,Pelama Chubut S.A.,267050779,********            ,Arribado,http://dassaweb.mqbic.com/NewTallyExpoConsumo.php?id=29043
2026-08-31,46189,TRHU-667558-8,Pelama Chubut S.A.,COSU6462048400,*****               ,Arribado,
2026-08-24,46024,GCXU-235807-0,Pelama Chubut S.A.,34657795,*******             ,Arribado,http://dassaweb.mqbic.com/NewTallyExpoConsumo.php?id=29984
2026-08-28,46110,FCIU-914420-4,Pelama Chubut S.A.,COSU6464274450,******              ,Arribado,http://dassaweb.mqbic.com/NewTallyExpoConsumo.php?id=30033
2026-08-03,45387,DFSU-107062-3,Pelama Chubut S.A.,COSU6508858290,******              ,Arribado,http://dassaweb.mqbic.com/NewTallyExpoConsumo.php?id=29777
2026-07-14,44912,FCIU-957094-0,Pelama Chubut S.A.,COSU6506961690,********            ,Arribado,http://dassaweb.mqbic.com/NewTallyExpoConsumo.php?id=29636
2026-07-20,45072,UETU-522623-0,Pelama Chubut S.A.,COSU6506232670,**********          ,Arribado,http://dassaweb.mqbic.com/NewTallyExpoConsumo.php?id=29692
2026-07-20,45073,CCLU-771309-4,Pelama Chubut S.A.,COSU6506232670,************        ,Arribado,http://dassaweb.mqbic.com/NewTallyExpoConsumo.php?id=29693
2026-06-10,44280,OOCU-821623-4,Pelama Chubut S.A.,COSU6503618540,***********         ,Arribado,http://dassaweb.mqbic.com/NewTallyExpoConsumo.php?id=29470
2026-06-12,44352,TRHU-420736-1,Pelama Chubut S.A.,COSU6503625980,*********           ,Arribado,http://dassaweb.mqbic.com/NewTallyExpoConsumo.php?id=29492
2026-05-27,43998,BEAU-556718-6,Pelama Chubut S.A.,COSU6501871510,**********          ,Arribado,http://dassaweb.mqbic.com/NewTallyExpoConsumo.php?id=29364
2026-05-20,43758,OOCU-640341-0,Pelama Chubut S.A.,COSU6500619940,**********          ,Arribado,http://dassaweb.mqbic.com/NewTallyExpoConsumo.php?id=29313
2026-05-20,43837,CSGU-606168-4,Pelama Chubut S.A.,COSU6501216670,**********          ,Arribado,http://dassaweb.mqbic.com/NewTallyExpoConsumo.php?id=29314
2026-04-27,43424,TGBU-881740-9,Pelama Chubut S.A.,COSU6450984760,************        ,Arribado,http://dassaweb.mqbic.com/NewTallyExpoConsumo.php?id=29188
2026-04-20,43201,HLXU-818029-8,Pelama Chubut S.A.,39142430,*************       ,Arribado,http://dassaweb.mqbic.com/NewTallyExpoConsumo.php?id=29163
2026-04-20,43202,TGCU-210081-5,Pelama Chubut S.A.,26936530,*********           ,Arribado,http://dassaweb.mqbic.com/NewTallyExpoConsumo.php?id=29162
2026-04-15,43204,FFAU-248597-9,Pelama Chubut S.A.,COSU6449409850,********            ,Arribado,http://dassaweb.mqbic.com/NewTallyExpoConsumo.php?id=29133
2026-04-14,43161,CSGU-204532-4,Pelama Chubut S.A.,COSU6447749350,*****               ,Arribado,http://dassaweb.mqbic.com/NewTallyExpoConsumo.php?id=29138
2026-03-17,42723,UACU-847796-0,Pelama Chubut S.A.,36044582,*********           ,Arribado,http://dassaweb.mqbic.com/NewTallyExpoConsumo.php?id=29020
2026-03-27,42818,FFAU-241455-3,Pelama Chubut S.A.,COSU6447748720,*************       ,Arribado,http://dassaweb.mqbic.com/NewTallyExpoConsumo.php?id=29070
2026-03-27,42819,OOCU-733418-7,Pelama Chubut S.A.,COSU6447748720,       ************ ,Arribado,http://dassaweb.mqbic.com/NewTallyExpoConsumo.php?id=29071
2026-03-27,42820,OOCU-968861-5,Pelama Chubut S.A.,COSU6447748720,***********         ,Arribado,http://dassaweb.mqbic.com/NewTallyExpoConsumo.php?id=29072
2026-03-25,42821,CSNU-196818-3,Pelama Chubut S.A.,COSU6447749330,***************     ,Arribado,http://dassaweb.mqbic.com/NewTallyExpoConsumo.php?id=29063
2026-04-28,43473,HAMU-505944-9,Sky Cargo S.R.L.,92371748,*****************   ,Arribado,http://dassaweb.mqbic.com/NewTallyExpoConsumo.php?id=29205
2026-05-19,43872,CSNU-292650-0,Global Motion S.A.,COSU6500626220,***********         ,Arribado,http://dassaweb.mqbic.com/NewTallyExpoConsumo.php?id=29306
2026-07-31,45353,ONEU-515762-1,Mader Zu S.R.L.,BUEG09989800,*************       ,Arribado,http://dassaweb.mqbic.com/NewTallyExpoConsumo.php?id=29772
2026-08-07,45521,ZCSU-779300-9,Mader Zu S.R.L.,ZIMUBUE9052164,********            ,Arribado,http://dassaweb.mqbic.com/NewTallyExpoConsumo.php?id=29817
2026-08-19,45885,HASU-478647-1,Mader Zu S.R.L.,275463678,*****               ,Arribado,http://dassaweb.mqbic.com/NewTallyExpoConsumo.php?id=29942
2026-08-19,45886,MRKU-336259-0,Mader Zu S.R.L.,275463678,***                 ,Arribado,http://dassaweb.mqbic.com/NewTallyExpoConsumo.php?id=29943
2026-08-19,45887,FFAU-482698-7,Mader Zu S.R.L.,275463678,********            ,Arribado,http://dassaweb.mqbic.com/NewTallyExpoConsumo.php?id=29944
2026-08-28,46174,FSCU-824999-8,Mader Zu S.R.L.,ZIMUBUE9052334,*****               ,Arribado,http://dassaweb.mqbic.com/NewTallyExpoConsumo.php?id=30034
2026-08-19,45883,SEKU-693190-9,Mader Zu S.R.L.,275463678,******              ,Arribado,http://dassaweb.mqbic.com/NewTallyExpoConsumo.php?id=29940
2026-08-19,45884,MRSU-471380-8,Mader Zu S.R.L.,275463678,******              ,Arribado,http://dassaweb.mqbic.com/NewTallyExpoConsumo.php?id=29941
2026-03-16,42662,TCLU-589733-7,Hilado Sa,267155318,************        ,Arribado,http://dassaweb.mqbic.com/NewTallyExpoConsumo.php?id=29009
2026-08-18,45854,CMAU-576789-6,Hilado Sa,BUA0377439,K1234632            ,Arribado,http://dassaweb.mqbic.com/NewTallyExpoConsumo.php?id=29931
2026-08-18,45855,TCKU-628860-0,Hilado Sa,BUA0377439,K1234605            ,Arribado,http://dassaweb.mqbic.com/NewTallyExpoConsumo.php?id=29932
2026-07-13,44841,CAIU-862278-5,Hilado Sa,96056507,********            ,Arribado,http://dassaweb.mqbic.com/NewTallyExpoConsumo.php?id=29626
2026-07-13,44842,DAYU-612509-2,Hilado Sa,96056507,***********         ,Arribado,http://dassaweb.mqbic.com/NewTallyExpoConsumo.php?id=29623
2026-07-13,44843,FDCU-018292-3,Hilado Sa,96056507,*********           ,Arribado,http://dassaweb.mqbic.com/NewTallyExpoConsumo.php?id=29625
2026-07-13,44844,TCKU-655934-2,Hilado Sa,96056507,**********          ,Arribado,http://dassaweb.mqbic.com/NewTallyExpoConsumo.php?id=29624
2026-07-13,44845,HLBU-254131-2,Hilado Sa,96056507,**********          ,Arribado,http://dassaweb.mqbic.com/NewTallyExpoConsumo.php?id=29627
2026-07-13,44846,TEMU-881292-1,Hilado Sa,96056507,***********         ,Arribado,http://dassaweb.mqbic.com/NewTallyExpoConsumo.php?id=29628
2026-06-25,44598,HAMU-205230-6,Hilado Sa,14900670,***********         ,Arribado,http://dassaweb.mqbic.com/NewTallyExpoConsumo.php?id=29531
2026-06-25,44599,FANU-111085-8,Hilado Sa,14900670,***********         ,Arribado,http://dassaweb.mqbic.com/NewTallyExpoConsumo.php?id=29532
2026-06-25,44600,HAMU-275763-6,Hilado Sa,14900670,**********          ,Arribado,http://dassaweb.mqbic.com/NewTallyExpoConsumo.php?id=29533
2026-06-25,44601,SEGU-562053-3,Hilado Sa,14900670,**********          ,Arribado,http://dassaweb.mqbic.com/NewTallyExpoConsumo.php?id=29534
2026-06-18,44433,MRKU-648182-2,Hilado Sa,271666946,***********         ,Arribado,http://dassaweb.mqbic.com/NewTallyExpoConsumo.php?id=29503
2026-06-22,44476,CAIU-927485-3,Hilado Sa,CUR0272035,K1226447            ,Arribado,http://dassaweb.mqbic.com/NewTallyExpoConsumo.php?id=29508
2026-06-22,44477,UETU-552453-2,Hilado Sa,CUR0272035,K1226364            ,Arribado,http://dassaweb.mqbic.com/NewTallyExpoConsumo.php?id=29509
2026-06-18,44430,MRSU-813383-4,Hilado Sa,271666946,**********          ,Arribado,http://dassaweb.mqbic.com/NewTallyExpoConsumo.php?id=29500
2026-06-18,44431,UETU-818995-2,Hilado Sa,271666946,**********          ,Arribado,http://dassaweb.mqbic.com/NewTallyExpoConsumo.php?id=29501
2026-06-18,44432,HASU-442110-7,Hilado Sa,271666946,**********          ,Arribado,http://dassaweb.mqbic.com/NewTallyExpoConsumo.php?id=29502
2026-06-01,44079,TCLU-146335-3,Hilado Sa,92972961,****                ,Arribado,http://dassaweb.mqbic.com/NewTallyExpoConsumo.php?id=29385
2026-06-01,44080,HLBU-342005-9,Hilado Sa,92972961,****                ,Arribado,http://dassaweb.mqbic.com/NewTallyExpoConsumo.php?id=29386
2026-06-01,44081,UACU-577068-1,Hilado Sa,92972961,************        ,Arribado,http://dassaweb.mqbic.com/NewTallyExpoConsumo.php?id=29387
2026-06-01,44082,HAMU-153099-3,Hilado Sa,92972961,***********         ,Arribado,http://dassaweb.mqbic.com/NewTallyExpoConsumo.php?id=29389
2026-06-08,44216,MRSU-979064-3,Hilado Sa,271620193,ML-AR2548079        ,Arribado,http://dassaweb.mqbic.com/NewTallyExpoConsumo.php?id=29448
2026-04-07,43036,CMAU-943469-8,Hilado Sa,RIV034309,K1275050            ,Arribado,http://dassaweb.mqbic.com/NewTallyExpoConsumo.php?id=29106
2026-04-13,43162,UETU-642440-9,Hilado Sa,RIV034309,K1274769            ,Arribado,http://dassaweb.mqbic.com/NewTallyExpoConsumo.php?id=29118
2026-03-25,42811,MRKU-543178-7,Hilado Sa,267377573,**************      ,Arribado,http://dassaweb.mqbic.com/NewTallyExpoConsumo.php?id=29062
2026-03-30,42812,TCKU-662528-0,Hilado Sa,267591922,************        ,Arribado,http://dassaweb.mqbic.com/NewTallyExpoConsumo.php?id=29078
2026-03-30,42813,MRKU-405639-9,Hilado Sa,267591922,************        ,Arribado,http://dassaweb.mqbic.com/NewTallyExpoConsumo.php?id=29079
2026-03-30,42814,TCNU-375166-0,Hilado Sa,267591922,**********          ,Arribado,http://dassaweb.mqbic.com/NewTallyExpoConsumo.php?id=29080
2026-03-30,42815,CAAU-794536-9,Hilado Sa,267591922,***********         ,Arribado,http://dassaweb.mqbic.com/NewTallyExpoConsumo.php?id=29081
2026-03-16,42663,MRKU-537255-5,Hilado Sa,267155318,***********         ,Arribado,http://dassaweb.mqbic.com/NewTallyExpoConsumo.php?id=29010
2026-03-16,42664,SEKU-463655-0,Hilado Sa,267155318,***********         ,Arribado,http://dassaweb.mqbic.com/NewTallyExpoConsumo.php?id=29011
2026-03-16,42665,FFAU-746461-8,Hilado Sa,267155318,*******             ,Arribado,http://dassaweb.mqbic.com/NewTallyExpoConsumo.php?id=29012
2026-03-16,42666,MRKU-448285-6,Hilado Sa,267155318,************        ,Arribado,http://dassaweb.mqbic.com/NewTallyExpoConsumo.php?id=29013
2026-03-25,42809,MRKU-496788-3,Hilado Sa,267377573,**************      ,Arribado,http://dassaweb.mqbic.com/NewTallyExpoConsumo.php?id=29060
2026-03-25,42810,MRKU-431479-1,Hilado Sa,267377573,************        ,Arribado,http://dassaweb.mqbic.com/NewTallyExpoConsumo.php?id=29061
2026-03-11,42584,HAMU-338063-4,Capilatis S.A.,27568683,0437538             ,Arribado,http://dassaweb.mqbic.com/NewTallyExpoConsumo.php?id=28982
2026-03-11,42585,FSCU-717235-6,Capilatis S.A.,27568683,HLD0437534          ,Arribado,http://dassaweb.mqbic.com/NewTallyExpoConsumo.php?id=28983
2026-04-14,43170,TRHU-588278-6,Capilatis S.A.,SNG0503407,K1277074            ,Arribado,http://dassaweb.mqbic.com/NewTallyExpoConsumo.php?id=29135
2026-08-26,46046,CMAU-323283-2,Capilatis S.A.,SNG0520671,K1228280            ,Arribado,http://dassaweb.mqbic.com/NewTallyExpoConsumo.php?id=29997
2026-08-26,46047,TGHU-504079-1,Capilatis S.A.,SNG0520671,K1228276            ,Arribado,http://dassaweb.mqbic.com/NewTallyExpoConsumo.php?id=29998
2026-05-29,44064,HLBU-231385-8,Capilatis S.A.,39260400,**********          ,Arribado,http://dassaweb.mqbic.com/NewTallyExpoConsumo.php?id=29379
2026-06-23,44521,MAGU-251624-3,Capilatis S.A.,SNG0513340,K1226322            ,Arribado,http://dassaweb.mqbic.com/NewTallyExpoConsumo.php?id=29518
2026-06-23,44522,TCNU-239944-6,Capilatis S.A.,SNG0513340,K1226258            ,Arribado,http://dassaweb.mqbic.com/NewTallyExpoConsumo.php?id=29516
2026-06-23,44523,TGBU-782237-6,Capilatis S.A.,SNG0513340,K1226271            ,Arribado,http://dassaweb.mqbic.com/NewTallyExpoConsumo.php?id=29519
2026-05-19,43852,TLLU-422089-0,Capilatis S.A.,SNG0508081,K1266185            ,Arribado,http://dassaweb.mqbic.com/NewTallyExpoConsumo.php?id=29301
2026-05-19,43853,TCNU-679242-5,Capilatis S.A.,SNG0508081,K1266193            ,Arribado,http://dassaweb.mqbic.com/NewTallyExpoConsumo.php?id=29302
2026-05-19,43854,APHU-703759-0,Capilatis S.A.,SNG0508081,K1266173            ,Arribado,http://dassaweb.mqbic.com/NewTallyExpoConsumo.php?id=29303
2026-05-19,43855,TCNU-477657-5,Capilatis S.A.,SNG0508081,K1266188            ,Arribado,http://dassaweb.mqbic.com/NewTallyExpoConsumo.php?id=29304
2026-04-14,43171,TCNU-360352-8,Capilatis S.A.,SNG0503407,K1277091            ,Arribado,http://dassaweb.mqbic.com/NewTallyExpoConsumo.php?id=29134
2026-04-14,43172,TGHU-151074-7,Capilatis S.A.,SNG0503407,K1275163            ,Arribado,http://dassaweb.mqbic.com/NewTallyExpoConsumo.php?id=29137
2026-04-14,43173,GAOU-679508-1,Capilatis S.A.,SNG0503407,K1274792            ,Arribado,http://dassaweb.mqbic.com/NewTallyExpoConsumo.php?id=29136
2026-04-29,43502,HLBU-199791-0,Tandem Global Logist...,71406215,***********         ,Arribado,http://dassaweb.mqbic.com/NewTallyExpoConsumo.php?id=29207
2026-05-20,43862,FANU-117388-2,Tandem Global Logist...,20000930,******************  ,Arribado,http://dassaweb.mqbic.com/NewTallyExpoConsumo.php?id=29327
2026-08-20,45981,,Cargo Logistics Exim...,26001EC01055936Z,                    ,Arribado,http://dassaweb.mqbic.com/NewTallyExpoConsumo.php?id=6052
2026-08-26,46104,MRKU-954692-7,Geo Logistics Argent...,275771094,********            ,Arribado,http://dassaweb.mqbic.com/NewTallyExpoConsumo.php?id=30002
2026-08-03,45357,HAMU-149868-0,Mercopallet Srl,39583125,***********         ,Arribado,http://dassaweb.mqbic.com/NewTallyExpoConsumo.php?id=29783
2026-08-28,46178,ZCSU-799509-9,Mercopallet Srl,ZIMUBUE9052412,********            ,Arribado,
2026-08-28,46179,ZCSU-726784-8,Mercopallet Srl,ZIMUBUE9052412,*****               ,Arribado,
2026-08-03,45358,BEAU-420722-5,Mercopallet Srl,39583125,********            ,Arribado,http://dassaweb.mqbic.com/NewTallyExpoConsumo.php?id=29784
2026-08-03,45359,SEGU-468320-2,Mercopallet Srl,39583125,********            ,Arribado,http://dassaweb.mqbic.com/NewTallyExpoConsumo.php?id=29785
2026-08-28,46177,ZCSU-688183-0,Mercopallet Srl,ZIMUBUE9052412,*****               ,Arribado,
2026-05-27,44006,DFSU-423382-7,Fineport S.A.,28647804,**************      ,Arribado,http://dassaweb.mqbic.com/NewTallyExpoConsumo.php?id=29356
2026-06-08,44227,HLBU-114172-8,Famacon S.A.,36013219,***********         ,Arribado,http://dassaweb.mqbic.com/NewTallyExpoConsumo.php?id=29419
2026-03-30,42944,TCNU-552381-7,Manufactura Los Ande...,BUEG03063600,************        ,Arribado,http://dassaweb.mqbic.com/NewTallyExpoConsumo.php?id=29077
2026-04-09,43093,MRKU-099816-6,Manufactura Los Ande...,267655899,*************       ,Arribado,http://dassaweb.mqbic.com/NewTallyExpoConsumo.php?id=29124
2026-04-09,43095,MRKU-090579-6,Manufactura Los Ande...,269076586,*******             ,Arribado,http://dassaweb.mqbic.com/NewTallyExpoConsumo.php?id=29127
2026-04-09,43096,MRKU-466867-1,Manufactura Los Ande...,269076586,************        ,Arribado,http://dassaweb.mqbic.com/NewTallyExpoConsumo.php?id=29128
2026-04-09,43098,MRKU-084789-5,Manufactura Los Ande...,267655899,************        ,Arribado,http://dassaweb.mqbic.com/NewTallyExpoConsumo.php?id=29125
2026-07-06,44775,TCLU-304341-0,Manufactura Los Ande...,LA0504578,************        ,Arribado,http://dassaweb.mqbic.com/NewTallyExpoConsumo.php?id=29596
2026-07-21,45120,TCLU-836964-7,Manufactura Los Ande...,274339312,***********         ,Arribado,http://dassaweb.mqbic.com/NewTallyExpoConsumo.php?id=29701
2026-07-21,45121,MRKU-404004-7,Manufactura Los Ande...,274339312,***********         ,Arribado,http://dassaweb.mqbic.com/NewTallyExpoConsumo.php?id=29702
2026-05-22,43927,ZCSU-748418-6,Manufactura Los Ande...,ZIMUBUE9050009,************        ,Arribado,http://dassaweb.mqbic.com/NewTallyExpoConsumo.php?id=29347
2026-06-17,44429,MRKU-549428-1,Manufactura Los Ande...,271836601,************        ,Arribado,http://dassaweb.mqbic.com/NewTallyExpoConsumo.php?id=29495
2026-05-06,43591,BMOU-582392-9,Manufactura Los Ande...,ZIMUBUE9049699,*********           ,Arribado,http://dassaweb.mqbic.com/NewTallyExpoConsumo.php?id=29244
2026-05-06,43592,TCNU-691330-0,Manufactura Los Ande...,ZIMUBUE9049699,**********          ,Arribado,http://dassaweb.mqbic.com/NewTallyExpoConsumo.php?id=29246
2026-05-06,43593,ZCSU-735616-4,Manufactura Los Ande...,ZIMUBUE9049699,************        ,Arribado,http://dassaweb.mqbic.com/NewTallyExpoConsumo.php?id=29245
2026-05-06,43594,JZPU-802544-6,Manufactura Los Ande...,ZIMUBUE9049699,***********         ,Arribado,http://dassaweb.mqbic.com/NewTallyExpoConsumo.php?id=29247
2026-05-22,43925,ZCSU-689616-8,Manufactura Los Ande...,ZIMUBUE9050009,*************       ,Arribado,http://dassaweb.mqbic.com/NewTallyExpoConsumo.php?id=29345
2026-05-22,43926,TRHU-831345-9,Manufactura Los Ande...,ZIMUBUE9050009,*************       ,Arribado,http://dassaweb.mqbic.com/NewTallyExpoConsumo.php?id=29346
2026-04-28,43467,MEDU-772331-8,Manufactura Los Ande...,LA0490528,*************       ,Arribado,http://dassaweb.mqbic.com/NewTallyExpoConsumo.php?id=29203
2026-05-06,43590,TCNU-358310-2,Manufactura Los Ande...,ZIMUBUE9049699,**********          ,Arribado,http://dassaweb.mqbic.com/NewTallyExpoConsumo.php?id=29243
2026-04-09,43116,MRKU-065185-5,Manufactura Los Ande...,267655899,**************      ,Arribado,http://dassaweb.mqbic.com/NewTallyExpoConsumo.php?id=29126
2026-04-09,43117,MRKU-076566-8,Manufactura Los Ande...,269076586,***********         ,Arribado,http://dassaweb.mqbic.com/NewTallyExpoConsumo.php?id=29129
2026-08-10,45499,MRSU-056551-2,Servicio Internacion...,275246079,******              ,Arribado,http://dassaweb.mqbic.com/NewTallyExpoConsumo.php?id=29824
2026-04-22,43336,CAAU-250635-8,Dry Sea Srl,269615318,***************     ,Arribado,http://dassaweb.mqbic.com/NewTallyExpoConsumo.php?id=29179
2026-04-22,43337,CAAU-302069-5,Dry Sea Srl,269615318,*************       ,Arribado,http://dassaweb.mqbic.com/NewTallyExpoConsumo.php?id=29178
2026-04-22,43338,MRSU-057640-9,Dry Sea Srl,269615318,***********         ,Arribado,http://dassaweb.mqbic.com/NewTallyExpoConsumo.php?id=29180
2026-04-22,43339,TIIU-200366-2,Dry Sea Srl,269615318,*****************   ,Arribado,http://dassaweb.mqbic.com/NewTallyExpoConsumo.php?id=29181
2026-04-22,43340,CAAU-273243-7,Dry Sea Srl,269615318,***************     ,Arribado,http://dassaweb.mqbic.com/NewTallyExpoConsumo.php?id=29183
2026-04-22,43341,MRSU-033555-1,Dry Sea Srl,269615318,***********         ,Arribado,http://dassaweb.mqbic.com/NewTallyExpoConsumo.php?id=29182
2026-06-03,44158,HAMU-300836-0,Sunstar Americas Inc,24977569,*********           ,Arribado,http://dassaweb.mqbic.com/NewTallyExpoConsumo.php?id=29399
2026-07-01,44707,,Sunstar Americas Inc,26001EC01044128H,                    ,Arribado,http://dassaweb.mqbic.com/NewTallyExpoConsumo.php?id=6052
2026-07-02,44712,FANU-188476-7,Sunstar Americas Inc,98610649,***********         ,Arribado,http://dassaweb.mqbic.com/NewTallyExpoConsumo.php?id=29583
2026-07-02,44713,HAMU-234463-2,Sunstar Americas Inc,98610649,***********         ,Arribado,http://dassaweb.mqbic.com/NewTallyExpoConsumo.php?id=29584
2026-08-10,45685,HASU-144329-4,Industrias Quimicas ...,274781476,*******             ,Arribado,http://dassaweb.mqbic.com/NewTallyExpoConsumo.php?id=29831
2026-03-18,42795,GESU-581424-1,Kluber Lubrication A...,267369232,ML-AR2547878        ,Arribado,http://dassaweb.mqbic.com/NewTallyExpoConsumo.php?id=29052
2026-04-01,43002,NIDU-230202-1,Kluber Lubrication A...,32086151,*********           ,Arribado,http://dassaweb.mqbic.com/NewTallyExpoConsumo.php?id=29093
2026-05-07,43588,MRKU-088613-0,Kluber Lubrication A...,270431047,ML-AR2523225        ,Arribado,http://dassaweb.mqbic.com/NewTallyExpoConsumo.php?id=29255
2026-05-21,43903,MRKU-033652-9,Kluber Lubrication A...,270933877,ML-AR2536310        ,Arribado,http://dassaweb.mqbic.com/NewTallyExpoConsumo.php?id=29324
2026-06-18,44434,MRSU-459964-0,Kluber Lubrication A...,271843224,ML-AR2536502        ,Arribado,http://dassaweb.mqbic.com/NewTallyExpoConsumo.php?id=29499
2026-07-07,44760,MRKU-080610-8,Kluber Lubrication A...,272941877,ML-AR2523277        ,Arribado,http://dassaweb.mqbic.com/NewTallyExpoConsumo.php?id=29606
2026-08-31,46147,MSKU-642761-2,Bdfm Sa,276009360,*****               ,Arribado,
2026-08-28,46148,MRKU-040824-9,Bdfm Sa,276008792,**********          ,Arribado,
2026-06-05,44200,SEGU-543360-9,Bdfm Sa,27094680,***********         ,Arribado,http://dassaweb.mqbic.com/NewTallyExpoConsumo.php?id=29414
2026-06-01,44077,TCLU-251553-3,Bdfm Sa,S3-29676089,SA307438            ,Arribado,http://dassaweb.mqbic.com/NewTallyExpoConsumo.php?id=29398
2026-06-04,44165,MRKU-476862-3,Bdfm Sa,271347689,************        ,Arribado,http://dassaweb.mqbic.com/NewTallyExpoConsumo.php?id=29404
2026-05-20,43873,TCNU-465583-0,Bdfm Sa,11265135,*************       ,Arribado,http://dassaweb.mqbic.com/NewTallyExpoConsumo.php?id=29326
2026-04-22,43330,TRHU-898033-8,Bdfm Sa,BUA0365537,K1277328            ,Arribado,http://dassaweb.mqbic.com/NewTallyExpoConsumo.php?id=29184
2026-05-04,43529,TEMU-841351-5,Bdfm Sa,270090710,************        ,Arribado,http://dassaweb.mqbic.com/NewTallyExpoConsumo.php?id=29237
2026-03-30,42966,HLBU-114246-8,Chemotecnica Sa,15794763,************        ,Arribado,http://dassaweb.mqbic.com/NewTallyExpoConsumo.php?id=29086
2026-05-19,43838,HLBU-376708-0,Chemotecnica Sa,35993236,************        ,Arribado,http://dassaweb.mqbic.com/NewTallyExpoConsumo.php?id=29325
2026-08-14,45567,CMAU-659197-0,Gestion Forward S.R....,BUA0376757,K1233790            ,Arribado,http://dassaweb.mqbic.com/NewTallyExpoConsumo.php?id=29893
2026-08-10,45511,APZU-470733-0,Gestion Forward S.R....,CUR0273064,K1229057            ,Arribado,http://dassaweb.mqbic.com/NewTallyExpoConsumo.php?id=29839
2026-06-29,44654,HAMU-136494-8,Sam Log S.R.L.,45720754,*****************   ,Arribado,http://dassaweb.mqbic.com/NewTallyExpoConsumo.php?id=29561
2026-09-01,46226,TGBU-592194-0,Mafralac Alimenticia...,ZIMUBUE9051941,********            ,Arribado,
2026-09-01,46227,UETU-527403-2,Mafralac Alimenticia...,ZIMUBUE9051941,*********           ,Arribado,
2026-09-02,46228,ZCSU-683510-0,Mafralac Alimenticia...,ZIMUBUE9051941,*****               ,Arribado,
2026-08-21,45943,FBLU-012942-8,Mafralac Alimenticia...,38602549,*******             ,Arribado,http://dassaweb.mqbic.com/NewTallyExpoConsumo.php?id=29968
2026-07-28,45229,CICU-679191-8,Mafralac Alimenticia...,ZIMUBUE9051755,********            ,Arribado,http://dassaweb.mqbic.com/NewTallyExpoConsumo.php?id=29737
2026-07-28,45230,CAAU-810443-8,Mafralac Alimenticia...,ZIMUBUE9051755,***********         ,Arribado,http://dassaweb.mqbic.com/NewTallyExpoConsumo.php?id=29738
2026-07-14,44852,TCLU-164753-5,Mafralac Alimenticia...,ZIMUBUE9050857,************        ,Arribado,http://dassaweb.mqbic.com/NewTallyExpoConsumo.php?id=29620
2026-07-14,44853,NYKU-483417-1,Mafralac Alimenticia...,ZIMUBUE9050857,************        ,Arribado,http://dassaweb.mqbic.com/NewTallyExpoConsumo.php?id=29621
2026-06-16,44378,CAIU-795655-6,Mafralac Alimenticia...,ZIMUBUE9050096,************        ,Arribado,http://dassaweb.mqbic.com/NewTallyExpoConsumo.php?id=29490
2026-05-26,43937,ZCSU-730066-9,Mafralac Alimenticia...,ZIMUBUE9049709,********            ,Arribado,http://dassaweb.mqbic.com/NewTallyExpoConsumo.php?id=29349
2026-05-05,43568,GAOU-645574-9,Mafralac Alimenticia...,ZIMUBUE 9049611,**********          ,Arribado,http://dassaweb.mqbic.com/NewTallyExpoConsumo.php?id=29242
2026-05-14,43680,HLBU-324057-1,Mafralac Alimenticia...,72149882,**************      ,Arribado,http://dassaweb.mqbic.com/NewTallyExpoConsumo.php?id=29278
2026-05-05,43552,CAAU-686878-2,Mafralac Alimenticia...,ZIMUBUE9049612,***********         ,Arribado,http://dassaweb.mqbic.com/NewTallyExpoConsumo.php?id=29241
2026-04-06,43003,JXLU-633975-3,Mafralac Alimenticia...,ZIMUBUE9048395,*************       ,Arribado,http://dassaweb.mqbic.com/NewTallyExpoConsumo.php?id=29102
2026-04-30,43494,DRYU-405230-3,Anixter Argentina Sa,BUA0366656,K1277352            ,Arribado,http://dassaweb.mqbic.com/NewTallyExpoConsumo.php?id=29210
2026-04-30,43495,FSCU-512743-0,Anixter Argentina Sa,BUA0366656,K1277375            ,Arribado,http://dassaweb.mqbic.com/NewTallyExpoConsumo.php?id=29211
2026-03-11,42551,UASU-104471-7,Tipoiti Satic,73126044,**************      ,Arribado,http://dassaweb.mqbic.com/NewTallyExpoConsumo.php?id=28968
2026-08-21,45954,HAMU-161554-0,Tipoiti Satic,21662848,**********          ,Arribado,http://dassaweb.mqbic.com/NewTallyExpoConsumo.php?id=29970
2026-08-21,45952,FANU-313306-6,Tipoiti Satic,21662848,*****               ,Arribado,http://dassaweb.mqbic.com/NewTallyExpoConsumo.php?id=29969
2026-08-21,45953,HLBU-120158-1,Tipoiti Satic,21662848,****                ,Arribado,http://dassaweb.mqbic.com/NewTallyExpoConsumo.php?id=29971
2026-06-30,44680,ONEU-193643-3,Tipoiti Satic,ZIMUBUE9051259,*****************   ,Arribado,http://dassaweb.mqbic.com/NewTallyExpoConsumo.php?id=29572
2026-07-14,44914,ZCSU-858295-2,Tipoiti Satic,ZIMUBUE9051495,*************       ,Arribado,http://dassaweb.mqbic.com/NewTallyExpoConsumo.php?id=29618
2026-05-04,43514,TGBU-716398-3,Tipoiti Satic,ZIMUBUE9049427,************        ,Arribado,http://dassaweb.mqbic.com/NewTallyExpoConsumo.php?id=29223
2026-05-04,43530,TRHU-848994-1,Tipoiti Satic,270274759,**********          ,Arribado,http://dassaweb.mqbic.com/NewTallyExpoConsumo.php?id=29224
2026-05-15,43753,HLBU-205694-0,Tipoiti Satic,25056189,**********          ,Arribado,http://dassaweb.mqbic.com/NewTallyExpoConsumo.php?id=29279
2026-06-24,44473,TRHU-105198-0,Tipoiti Satic,CUR0272132,K1226334            ,Arribado,http://dassaweb.mqbic.com/NewTallyExpoConsumo.php?id=29520
2026-03-12,42613,CMAU-911764-6,Tipoiti Satic,RIV034048,K1272545            ,Arribado,http://dassaweb.mqbic.com/NewTallyExpoConsumo.php?id=28993
2026-03-18,42783,FANU-145851-9,Tipoiti Satic,10387650,*****               ,Arribado,http://dassaweb.mqbic.com/NewTallyExpoConsumo.php?id=29040
2026-03-18,42788,HLBU-190504-5,Tipoiti Satic,10387650,**********          ,Arribado,http://dassaweb.mqbic.com/NewTallyExpoConsumo.php?id=29041
2026-03-26,42869,HAMU-256744-6,Tipoiti Satic,34147222,****************    ,Arribado,http://dassaweb.mqbic.com/NewTallyExpoConsumo.php?id=29066
2026-08-04,45447,TCNU-782043-4,Isischu Srl,275042741,**************      ,Arribado,http://dassaweb.mqbic.com/NewTallyExpoConsumo.php?id=29801
2026-08-07,45497,TEMU-834307-0,Isischu Srl,BUA0375079,K1225988            ,Arribado,http://dassaweb.mqbic.com/NewTallyExpoConsumo.php?id=29846
2026-08-10,45570,MRKU-269794-2,Isischu Srl,275043408,*********           ,Arribado,http://dassaweb.mqbic.com/NewTallyExpoConsumo.php?id=29838
2026-08-25,46067,TRHU-596589-6,Isischu Srl,COSU6463155230,*********           ,Arribado,http://dassaweb.mqbic.com/NewTallyExpoConsumo.php?id=29996
2026-08-27,46063,CSNU-672164-2,Isischu Srl,COSU6463153840,*******             ,Arribado,
2026-08-26,46064,CCLU-779065-5,Isischu Srl,COSU6463153840,*****               ,Arribado,
2026-08-25,46065,BEAU-557557-7,Isischu Srl,COSU6463155230,****                ,Arribado,http://dassaweb.mqbic.com/NewTallyExpoConsumo.php?id=29994
2026-08-25,46066,CBHU-706607-0,Isischu Srl,COSU6463155230,****                ,Arribado,http://dassaweb.mqbic.com/NewTallyExpoConsumo.php?id=29995
2026-08-13,45732,MRKU-525525-0,Isischu Srl,274766059,********            ,Arribado,http://dassaweb.mqbic.com/NewTallyExpoConsumo.php?id=29917
2026-08-19,45899,TGBU-717012-8,Isischu Srl,EBKG18088682,FX45812316          ,Arribado,http://dassaweb.mqbic.com/NewTallyExpoConsumo.php?id=29962
2026-08-19,45900,MEDU-779561-6,Isischu Srl,EBKG18088682,FX45812278          ,Arribado,http://dassaweb.mqbic.com/NewTallyExpoConsumo.php?id=29963
2026-08-20,45901,GAOU-745984-1,Isischu Srl,EBKG18088682,FX45812344          ,Arribado,http://dassaweb.mqbic.com/NewTallyExpoConsumo.php?id=29964
2026-08-13,45728,MRKU-580563-4,Isischu Srl,274766059,******              ,Arribado,http://dassaweb.mqbic.com/NewTallyExpoConsumo.php?id=29915
2026-08-13,45729,MRSU-825485-7,Isischu Srl,274766059,*****               ,Arribado,http://dassaweb.mqbic.com/NewTallyExpoConsumo.php?id=29916
2026-08-13,45730,UETU-850833-0,Isischu Srl,274766059,******              ,Arribado,http://dassaweb.mqbic.com/NewTallyExpoConsumo.php?id=29945
2026-08-13,45731,MRSU-553784-8,Isischu Srl,274766059,********            ,Arribado,http://dassaweb.mqbic.com/NewTallyExpoConsumo.php?id=29918
2026-07-29,45264,TCLU-963071-3,Asecor Srl,EBKG17779860,FX45805021          ,Arribado,http://dassaweb.mqbic.com/NewTallyExpoConsumo.php?id=29764
2026-07-24,45177,TGBU-675393-8,Asecor Srl,BUA0374612,K1230334            ,Arribado,http://dassaweb.mqbic.com/NewTallyExpoConsumo.php?id=29732
2026-07-29,45265,FFAU-252017-5,Maringa Maderas Sa,EBKG17639017,FX45805079          ,Arribado,http://dassaweb.mqbic.com/NewTallyExpoConsumo.php?id=29755
2026-09-02,46324,MSKU-194364-2,Maringa Maderas Sa,276205754,*****               ,Arribado,
2026-03-27,42934,UACU-585264-5,Dodero & Cia S.R.L.,34032437,***********         ,Arribado,http://dassaweb.mqbic.com/NewTallyExpoConsumo.php?id=29074
2026-03-27,42936,MAGU-573417-2,Dodero & Cia S.R.L.,34032437,   ********         ,Arribado,http://dassaweb.mqbic.com/NewTallyExpoConsumo.php?id=29075
2026-08-04,45443,MRSU-458213-8,Suabia Maderas Srl,275042741,*******             ,Arribado,http://dassaweb.mqbic.com/NewTallyExpoConsumo.php?id=29794
2026-08-04,45444,MRSU-900712-6,Suabia Maderas Srl,275042741,******              ,Arribado,http://dassaweb.mqbic.com/NewTallyExpoConsumo.php?id=29795
2026-08-04,45445,MRSU-306529-6,Suabia Maderas Srl,275042741,**********          ,Arribado,http://dassaweb.mqbic.com/NewTallyExpoConsumo.php?id=29796
2026-08-04,45446,MRKU-413390-0,Suabia Maderas Srl,275042741,*******             ,Arribado,http://dassaweb.mqbic.com/NewTallyExpoConsumo.php?id=29797
2026-08-06,45500,TCNU-456627-0,Carpal Sa,ZIMUBUE9052214,*******             ,Arribado,http://dassaweb.mqbic.com/NewTallyExpoConsumo.php?id=29808
2026-08-06,45501,TEMU-669768-6,Carpal Sa,ZIMUBUE9052214,********            ,Arribado,http://dassaweb.mqbic.com/NewTallyExpoConsumo.php?id=29809
2026-08-06,45502,ZCSU-653977-2,Carpal Sa,ZIMUBUE9052214,*******             ,Arribado,http://dassaweb.mqbic.com/NewTallyExpoConsumo.php?id=29811
2026-08-06,45503,TCLU-155554-7,Carpal Sa,ZIMUBUE9052214,*****               ,Arribado,http://dassaweb.mqbic.com/NewTallyExpoConsumo.php?id=29810
2026-08-06,45504,ZCSU-788352-4,Carpal Sa,ZIMUBUE9052214,*****               ,Arribado,http://dassaweb.mqbic.com/NewTallyExpoConsumo.php?id=29812
2026-08-06,45547,JXLU-783715-4,Carpal Sa,ZIMUBUE9052214,                    ,Arribado,http://dassaweb.mqbic.com/NewTallyExpoConsumo.php?id=29813
2026-03-10,42535,SUDU-766530-5,Borax Argentina S A,267155461,***********         ,Arribado,http://dassaweb.mqbic.com/NewTallyExpoConsumo.php?id=28962
2026-03-11,42557,CMAU-098825-6,Borax Argentina S A,BUA0363547,K1271669            ,Arribado,http://dassaweb.mqbic.com/NewTallyExpoConsumo.php?id=28963
2026-08-27,46195,MSKU-710140-4,Borax Argentina S A,276141302,*****               ,Arribado,http://dassaweb.mqbic.com/NewTallyExpoConsumo.php?id=30025
2026-08-27,46194,MRKU-858260-0,Borax Argentina S A,276141302,*****               ,Arribado,http://dassaweb.mqbic.com/NewTallyExpoConsumo.php?id=30024
2026-08-26,46136,TRHU-817211-3,Borax Argentina S A,276198577,********            ,Arribado,http://dassaweb.mqbic.com/NewTallyExpoConsumo.php?id=30019
2026-08-26,46143,MRKU-814961-1,Borax Argentina S A,276198941,**************      ,Arribado,
2026-08-26,46144,TTNU-112302-9,Borax Argentina S A,276198941,********            ,Arribado,
2026-08-27,46131,,Borax Argentina S A,276198941,                    ,Pendiente,http://dassaweb.mqbic.com/NewTallyExpoConsumo.php?id=6052
2026-08-27,46132,,Borax Argentina S A,276198941,                    ,Pendiente,http://dassaweb.mqbic.com/NewTallyExpoConsumo.php?id=6052
2026-08-26,45948,UACU-395771-3,Borax Argentina S A,49363592,**********          ,Arribado,http://dassaweb.mqbic.com/NewTallyExpoConsumo.php?id=30001
2026-08-28,46115,PCIU-214397-3,Borax Argentina S A,BUE600179900,*******             ,Arribado,http://dassaweb.mqbic.com/NewTallyExpoConsumo.php?id=30041
2026-08-26,45905,,Borax Argentina S A,FACT13568,                    ,Pendiente,http://dassaweb.mqbic.com/NewTallyExpoConsumo.php?id=6052
2026-08-26,45906,,Borax Argentina S A,FACT13568,                    ,Pendiente,http://dassaweb.mqbic.com/NewTallyExpoConsumo.php?id=6052
2026-08-26,45946,FCIU-423515-3,Borax Argentina S A,49363592,***********         ,Arribado,http://dassaweb.mqbic.com/NewTallyExpoConsumo.php?id=29999
2026-08-26,45947,CXDU-119885-9,Borax Argentina S A,49363592,*****               ,Arribado,http://dassaweb.mqbic.com/NewTallyExpoConsumo.php?id=30000
2026-08-19,45865,MSKU-598987-3,Borax Argentina S A,275601182,*****               ,Arribado,http://dassaweb.mqbic.com/NewTallyExpoConsumo.php?id=29933
2026-08-19,45866,MRKU-998285-4,Borax Argentina S A,275601182,*****               ,Arribado,http://dassaweb.mqbic.com/NewTallyExpoConsumo.php?id=29935
2026-08-19,45867,MSKU-784136-0,Borax Argentina S A,275601182,******              ,Arribado,http://dassaweb.mqbic.com/NewTallyExpoConsumo.php?id=29934
2026-08-26,45904,,Borax Argentina S A,FACT13568,                    ,Pendiente,http://dassaweb.mqbic.com/NewTallyExpoConsumo.php?id=6052
2026-08-12,45723,PCIU-285098-1,Borax Argentina S A,BUE600172000,******              ,Arribado,http://dassaweb.mqbic.com/NewTallyExpoConsumo.php?id=29843
2026-08-12,45741,PCIU-130966-9,Borax Argentina S A,BUE600172000,*******             ,Arribado,http://dassaweb.mqbic.com/NewTallyExpoConsumo.php?id=29845
2026-08-12,45742,SKIU-235496-8,Borax Argentina S A,BUE600172000,*****               ,Arribado,http://dassaweb.mqbic.com/NewTallyExpoConsumo.php?id=29844
2026-08-07,45546,PCIU-945894-6,Borax Argentina S A,BUE600167600,*****               ,Arribado,http://dassaweb.mqbic.com/NewTallyExpoConsumo.php?id=29867
2026-08-12,45697,MAGU-245299-8,Borax Argentina S A,BUE600172000,*****               ,Arribado,http://dassaweb.mqbic.com/NewTallyExpoConsumo.php?id=29842
2026-08-05,45483,FBIU-005905-4,Borax Argentina S A,97499539,********            ,Arribado,http://dassaweb.mqbic.com/NewTallyExpoConsumo.php?id=29800
2026-08-07,45544,FFAU-472154-3,Borax Argentina S A,BUE600167600,*********           ,Arribado,http://dassaweb.mqbic.com/NewTallyExpoConsumo.php?id=29865
2026-08-07,45545,PIDU-462009-1,Borax Argentina S A,BUE600167600,*******             ,Arribado,http://dassaweb.mqbic.com/NewTallyExpoConsumo.php?id=29866
2026-07-30,45343,MRKU-907338-3,Borax Argentina S A,274714228,*******             ,Arribado,http://dassaweb.mqbic.com/NewTallyExpoConsumo.php?id=29765
2026-07-30,45344,MRKU-970960-2,Borax Argentina S A,274714228,************        ,Arribado,http://dassaweb.mqbic.com/NewTallyExpoConsumo.php?id=29766
2026-07-30,45345,MRKU-739064-5,Borax Argentina S A,274714228,******              ,Arribado,http://dassaweb.mqbic.com/NewTallyExpoConsumo.php?id=29767
2026-07-30,45346,MSKU-579383-3,Borax Argentina S A,274920140,**********          ,Arribado,http://dassaweb.mqbic.com/NewTallyExpoConsumo.php?id=29773
2026-07-29,45234,CMAU-305449-5,Borax Argentina S A,BUA0374564,K1229774            ,Arribado,http://dassaweb.mqbic.com/NewTallyExpoConsumo.php?id=29752
2026-07-29,45235,GESU-142715-7,Borax Argentina S A,BUA0374564,K1229775            ,Arribado,http://dassaweb.mqbic.com/NewTallyExpoConsumo.php?id=29751
2026-07-29,45297,MSKU-435215-5,Borax Argentina S A,274920091,************        ,Arribado,http://dassaweb.mqbic.com/NewTallyExpoConsumo.php?id=29771
2026-07-29,45298,MRSU-032743-2,Borax Argentina S A,274714479,***********         ,Arribado,
2026-07-29,45232,TLLU-232038-1,Borax Argentina S A,BUA0374564,K1229755            ,Arribado,http://dassaweb.mqbic.com/NewTallyExpoConsumo.php?id=29749
2026-07-29,45233,FCIU-518126-2,Borax Argentina S A,BUA0374564,K1229772            ,Arribado,http://dassaweb.mqbic.com/NewTallyExpoConsumo.php?id=29750
2026-07-16,44978,CAIU-384477-4,Borax Argentina S A,BUA0373334,K1227801            ,Arribado,http://dassaweb.mqbic.com/NewTallyExpoConsumo.php?id=29653
2026-07-22,45150,MRKU-799244-7,Borax Argentina S A,274576929,                    ,Arribado,http://dassaweb.mqbic.com/NewTallyExpoConsumo.php?id=29719
2026-07-22,45157,MRKU-876112-3,Borax Argentina S A,274576929,***********         ,Arribado,http://dassaweb.mqbic.com/NewTallyExpoConsumo.php?id=29720
2026-07-16,44974,TGHU-134333-6,Borax Argentina S A,BUA0373334,K1227850            ,Arribado,http://dassaweb.mqbic.com/NewTallyExpoConsumo.php?id=29651
2026-07-16,44975,CMAU-095531-3,Borax Argentina S A,BUA0373334,K1227843            ,Arribado,http://dassaweb.mqbic.com/NewTallyExpoConsumo.php?id=29652
2026-07-16,44976,TEMU-187657-0,Borax Argentina S A,BUA0373334,K1227844            ,Arribado,http://dassaweb.mqbic.com/NewTallyExpoConsumo.php?id=29655
2026-07-16,44977,TRHU-105168-1,Borax Argentina S A,BUA0373334,K1227841            ,Arribado,http://dassaweb.mqbic.com/NewTallyExpoConsumo.php?id=29654
2026-07-06,44782,MRKU-979461-0,Borax Argentina S A,273895338,*************       ,Arribado,http://dassaweb.mqbic.com/NewTallyExpoConsumo.php?id=29603
2026-07-06,44783,TLLU-363468-5,Borax Argentina S A,273895338,***********         ,Arribado,http://dassaweb.mqbic.com/NewTallyExpoConsumo.php?id=29604
2026-07-06,44784,MRKU-695779-7,Borax Argentina S A,273895338,************        ,Arribado,http://dassaweb.mqbic.com/NewTallyExpoConsumo.php?id=29605
2026-07-06,44776,MRKU-794680-0,Borax Argentina S A,273895338,***************     ,Arribado,http://dassaweb.mqbic.com/NewTallyExpoConsumo.php?id=29597
2026-07-06,44777,SUDU-731372-6,Borax Argentina S A,273895338,***************     ,Arribado,http://dassaweb.mqbic.com/NewTallyExpoConsumo.php?id=29598
2026-07-06,44778,SUDU-751181-9,Borax Argentina S A,273895338,********            ,Arribado,http://dassaweb.mqbic.com/NewTallyExpoConsumo.php?id=29601
2026-07-06,44779,UETU-206359-2,Borax Argentina S A,273895338,****************    ,Arribado,http://dassaweb.mqbic.com/NewTallyExpoConsumo.php?id=29599
2026-07-06,44780,MSKU-543353-9,Borax Argentina S A,273895338,**********          ,Arribado,http://dassaweb.mqbic.com/NewTallyExpoConsumo.php?id=29600
2026-07-06,44781,TTNU-123110-5,Borax Argentina S A,273895338,************        ,Arribado,http://dassaweb.mqbic.com/NewTallyExpoConsumo.php?id=29602
2026-06-23,44519,PCIU-961841-1,Borax Argentina S A,BUE600126000,************        ,Arribado,http://dassaweb.mqbic.com/NewTallyExpoConsumo.php?id=29528
2026-06-23,44520,PIDU-407470-3,Borax Argentina S A,BUE600126000,*********           ,Arribado,http://dassaweb.mqbic.com/NewTallyExpoConsumo.php?id=29529
2026-06-29,44634,HASU-110488-1,Borax Argentina S A,272414701,*************       ,Arribado,http://dassaweb.mqbic.com/NewTallyExpoConsumo.php?id=29559
2026-06-29,44635,CRSU-106761-7,Borax Argentina S A,272414701,************        ,Arribado,http://dassaweb.mqbic.com/NewTallyExpoConsumo.php?id=29560
2026-06-16,44375,HASU-146040-8,Borax Argentina S A,271953877,***********         ,Arribado,http://dassaweb.mqbic.com/NewTallyExpoConsumo.php?id=29488
2026-06-16,44376,MSKU-423390-0,Borax Argentina S A,271953877,**********          ,Arribado,http://dassaweb.mqbic.com/NewTallyExpoConsumo.php?id=29489
2026-06-23,44518,UETU-597878-8,Borax Argentina S A,BUE600126000,*************       ,Arribado,http://dassaweb.mqbic.com/NewTallyExpoConsumo.php?id=29527
2026-06-09,44272,MRKU-680166-0,Borax Argentina S A,271616293,**********          ,Arribado,http://dassaweb.mqbic.com/NewTallyExpoConsumo.php?id=29467
2026-06-09,44273,TCLU-293868-5,Borax Argentina S A,271616293,****************    ,Arribado,http://dassaweb.mqbic.com/NewTallyExpoConsumo.php?id=29468
2026-06-09,44274,TGBU-378382-0,Borax Argentina S A,271616293,******              ,Arribado,http://dassaweb.mqbic.com/NewTallyExpoConsumo.php?id=29469
2026-06-09,44289,MRKU-804534-5,Borax Argentina S A,271616293,***********         ,Arribado,http://dassaweb.mqbic.com/NewTallyExpoConsumo.php?id=29471
2026-06-08,44214,MEDU-697970-6,Borax Argentina S A,EBKG16949305,FX45819692          ,Arribado,http://dassaweb.mqbic.com/NewTallyExpoConsumo.php?id=29455
2026-06-08,44215,TRHU-190755-1,Borax Argentina S A,EBKG16949305,FX45819691          ,Arribado,http://dassaweb.mqbic.com/NewTallyExpoConsumo.php?id=29456
2026-06-09,44271,MSKU-755039-1,Borax Argentina S A,271616293,**********          ,Arribado,http://dassaweb.mqbic.com/NewTallyExpoConsumo.php?id=29466
2026-06-08,44208,SEGU-295261-6,Borax Argentina S A,EBKG16949305,FX45819631          ,Arribado,http://dassaweb.mqbic.com/NewTallyExpoConsumo.php?id=29449
2026-06-08,44209,MSDU-150336-0,Borax Argentina S A,EBKG16949305,FX45819679          ,Arribado,http://dassaweb.mqbic.com/NewTallyExpoConsumo.php?id=29450
2026-06-08,44210,MEDU-233952-6,Borax Argentina S A,EBKG16949305,FX45819622          ,Arribado,http://dassaweb.mqbic.com/NewTallyExpoConsumo.php?id=29451
2026-06-08,44211,MEDU-674808-1,Borax Argentina S A,EBKG16949305,FX45819588          ,Arribado,http://dassaweb.mqbic.com/NewTallyExpoConsumo.php?id=29452
2026-06-08,44212,TLLU-338920-6,Borax Argentina S A,EBKG16949305,FX45819673          ,Arribado,http://dassaweb.mqbic.com/NewTallyExpoConsumo.php?id=29453
2026-06-08,44213,TLLU-338097-6,Borax Argentina S A,EBKG16949305,FX45819632          ,Arribado,http://dassaweb.mqbic.com/NewTallyExpoConsumo.php?id=29454
2026-06-05,44148,TCLU-752395-3,Borax Argentina S A,BUA0368967,K1280687            ,Arribado,http://dassaweb.mqbic.com/NewTallyExpoConsumo.php?id=29409
2026-06-05,44149,DFSU-299183-3,Borax Argentina S A,BUA0368967,K1280696            ,Arribado,http://dassaweb.mqbic.com/NewTallyExpoConsumo.php?id=29410
2026-06-05,44150,TGHU-194261-1,Borax Argentina S A,BUA0368967,K1280660            ,Arribado,http://dassaweb.mqbic.com/NewTallyExpoConsumo.php?id=29411
2026-06-05,44151,CSOU-125118-0,Borax Argentina S A,BUA0368967,K1280673            ,Arribado,http://dassaweb.mqbic.com/NewTallyExpoConsumo.php?id=29412
2026-06-05,44152,TEMU-113999-5,Borax Argentina S A,BUA0368967,K1280675            ,Arribado,http://dassaweb.mqbic.com/NewTallyExpoConsumo.php?id=29413
2026-06-01,44102,PCIU-023952-5,Borax Argentina S A,BUE600076600,***********         ,Arribado,http://dassaweb.mqbic.com/NewTallyExpoConsumo.php?id=29392
2026-06-01,44103,PCIU-114104-5,Borax Argentina S A,BUE600076600,************        ,Arribado,http://dassaweb.mqbic.com/NewTallyExpoConsumo.php?id=29393
2026-06-01,44104,PCIU-002974-5,Borax Argentina S A,BUE600076600,*************       ,Arribado,http://dassaweb.mqbic.com/NewTallyExpoConsumo.php?id=29394
2026-06-01,44105,PCIU-284355-5,Borax Argentina S A,BUE600076600,**********          ,Arribado,http://dassaweb.mqbic.com/NewTallyExpoConsumo.php?id=29395
2026-06-01,44106,PCIU-134665-7,Borax Argentina S A,BUE600076600,************        ,Arribado,http://dassaweb.mqbic.com/NewTallyExpoConsumo.php?id=29396
2026-05-28,44034,MSDU-231676-5,Borax Argentina S A,EBKG16909791,FX45819719          ,Arribado,http://dassaweb.mqbic.com/NewTallyExpoConsumo.php?id=29377
2026-05-28,44035,MSDU-168706-2,Borax Argentina S A,EBKG16909791,FX45819670          ,Arribado,http://dassaweb.mqbic.com/NewTallyExpoConsumo.php?id=29378
2026-05-28,44028,MEDU-605932-8,Borax Argentina S A,EBKG16909791,FX45819736          ,Arribado,http://dassaweb.mqbic.com/NewTallyExpoConsumo.php?id=29371
2026-05-28,44029,TEMU-597908-9,Borax Argentina S A,EBKG16909791,FX45819124          ,Arribado,http://dassaweb.mqbic.com/NewTallyExpoConsumo.php?id=29372
2026-05-28,44030,MEDU-519698-5,Borax Argentina S A,EBKG16909791,FX45819737          ,Arribado,http://dassaweb.mqbic.com/NewTallyExpoConsumo.php?id=29374
2026-05-28,44031,TGHU-345928-5,Borax Argentina S A,EBKG16909791,FX45819738          ,Arribado,http://dassaweb.mqbic.com/NewTallyExpoConsumo.php?id=29373
2026-05-28,44032,CLHU-383329-7,Borax Argentina S A,EBKG16909791,FX45819662          ,Arribado,http://dassaweb.mqbic.com/NewTallyExpoConsumo.php?id=29375
2026-05-28,44033,FBIU-049795-5,Borax Argentina S A,EBKG16909791,FX45819720          ,Arribado,http://dassaweb.mqbic.com/NewTallyExpoConsumo.php?id=29376
2026-05-27,43997,BEAU-244466-0,Borax Argentina S A,BUA0368841,K1272872            ,Arribado,http://dassaweb.mqbic.com/NewTallyExpoConsumo.php?id=29366
2026-05-27,44000,CAIU-329022-4,Borax Argentina S A,29318071,*********           ,Arribado,http://dassaweb.mqbic.com/NewTallyExpoConsumo.php?id=29363
2026-05-28,44024,SEGU-295094-8,Borax Argentina S A,EBKG16909791,FX45819127          ,Arribado,http://dassaweb.mqbic.com/NewTallyExpoConsumo.php?id=29367
2026-05-28,44025,MSNU-188037-0,Borax Argentina S A,EBKG16909791,FX45819146          ,Arribado,http://dassaweb.mqbic.com/NewTallyExpoConsumo.php?id=29368
2026-05-28,44026,MSNU-372379-1,Borax Argentina S A,EBKG16909791,FX45819072          ,Arribado,http://dassaweb.mqbic.com/NewTallyExpoConsumo.php?id=29369
2026-05-28,44027,MSMU-385478-2,Borax Argentina S A,EBKG16909791,FX45819128          ,Arribado,http://dassaweb.mqbic.com/NewTallyExpoConsumo.php?id=29370
2026-05-27,43996,BEAU-279997-4,Borax Argentina S A,BUA0368841,K1272854            ,Arribado,http://dassaweb.mqbic.com/NewTallyExpoConsumo.php?id=29365
2026-05-26,43956,PCIU-284545-5,Borax Argentina S A,BUE600086300,***********         ,Arribado,http://dassaweb.mqbic.com/NewTallyExpoConsumo.php?id=29344
2026-05-26,43959,FCGU-444265-7,Borax Argentina S A,EBKG17049798,FX45819142          ,Arribado,http://dassaweb.mqbic.com/NewTallyExpoConsumo.php?id=29350
2026-05-26,43960,MSDU-426718-7,Borax Argentina S A,EBKG17049798,FX45819133          ,Arribado,http://dassaweb.mqbic.com/NewTallyExpoConsumo.php?id=29351
2026-05-26,43953,PCIU-139095-8,Borax Argentina S A,BUE600086300,***********         ,Arribado,http://dassaweb.mqbic.com/NewTallyExpoConsumo.php?id=29341
2026-05-26,43954,PCIU-152792-7,Borax Argentina S A,BUE600086300,**********          ,Arribado,http://dassaweb.mqbic.com/NewTallyExpoConsumo.php?id=29342
2026-05-26,43955,PCIU-106749-9,Borax Argentina S A,BUE600086300,***********         ,Arribado,http://dassaweb.mqbic.com/NewTallyExpoConsumo.php?id=29343
2026-05-20,43869,MRKU-895873-0,Borax Argentina S A,270568900,************        ,Arribado,http://dassaweb.mqbic.com/NewTallyExpoConsumo.php?id=29317
2026-05-20,43870,MSKU-765307-0,Borax Argentina S A,270568831,***********         ,Arribado,http://dassaweb.mqbic.com/NewTallyExpoConsumo.php?id=29322
2026-05-20,43871,MRKU-830596-7,Borax Argentina S A,270568831,  *************     ,Arribado,http://dassaweb.mqbic.com/NewTallyExpoConsumo.php?id=29323
2026-05-18,43755,MRKU-093496-3,Borax Argentina S A,270439933,****************    ,Arribado,http://dassaweb.mqbic.com/NewTallyExpoConsumo.php?id=29288
2026-05-18,43756,MRKU-090929-8,Borax Argentina S A,270439897,************        ,Arribado,http://dassaweb.mqbic.com/NewTallyExpoConsumo.php?id=29291
2026-05-19,43841,FFAU-433737-4,Borax Argentina S A,BUE600076200,************        ,Arribado,http://dassaweb.mqbic.com/NewTallyExpoConsumo.php?id=29298
2026-05-19,43842,GCXU-518530-0,Borax Argentina S A,BUE600076200,************        ,Arribado,http://dassaweb.mqbic.com/NewTallyExpoConsumo.php?id=29299
2026-05-19,43843,BSIU-813641-2,Borax Argentina S A,BUE600076200,*************       ,Arribado,http://dassaweb.mqbic.com/NewTallyExpoConsumo.php?id=29300
2026-05-20,43868,MSKU-418560-7,Borax Argentina S A,270568900,**************      ,Arribado,http://dassaweb.mqbic.com/NewTallyExpoConsumo.php?id=29316
2026-05-13,43726,PCIU-006260-9,Borax Argentina S A,BUE600076200,************        ,Arribado,http://dassaweb.mqbic.com/NewTallyExpoConsumo.php?id=29271
2026-05-13,43727,PCIU-143191-2,Borax Argentina S A,BUE600076200,*************       ,Arribado,http://dassaweb.mqbic.com/NewTallyExpoConsumo.php?id=29272
2026-05-13,43728,PCIU-199244-6,Borax Argentina S A,BUE600076200,**********          ,Arribado,http://dassaweb.mqbic.com/NewTallyExpoConsumo.php?id=29273
2026-05-13,43729,PCIU-005590-8,Borax Argentina S A,BUE600076200,***********         ,Arribado,http://dassaweb.mqbic.com/NewTallyExpoConsumo.php?id=29274
2026-05-13,43730,CAIU-636400-1,Borax Argentina S A,BUE600076200,*************       ,Arribado,http://dassaweb.mqbic.com/NewTallyExpoConsumo.php?id=29275
2026-05-18,43754,SUDU-532147-1,Borax Argentina S A,270439958,************        ,Arribado,http://dassaweb.mqbic.com/NewTallyExpoConsumo.php?id=29292
2026-05-13,43720,MRKU-863583-0,Borax Argentina S A,270569004,********            ,Arribado,http://dassaweb.mqbic.com/NewTallyExpoConsumo.php?id=29276
2026-05-11,43666,TRHU-369971-3,Borax Argentina S A,BUA0367748,K1276536            ,Arribado,http://dassaweb.mqbic.com/NewTallyExpoConsumo.php?id=29263
2026-05-11,43667,CMAU-071803-4,Borax Argentina S A,BUA0367748,K1276516            ,Arribado,http://dassaweb.mqbic.com/NewTallyExpoConsumo.php?id=29264
2026-05-11,43668,TEMU-543523-3,Borax Argentina S A,BUA0367748,K1276511            ,Arribado,http://dassaweb.mqbic.com/NewTallyExpoConsumo.php?id=29265
2026-05-06,43577,GLDU-968913-9,Borax Argentina S A,BUA0366814,K1280075            ,Arribado,http://dassaweb.mqbic.com/NewTallyExpoConsumo.php?id=29250
2026-05-06,43578,CMAU-098247-4,Borax Argentina S A,BUA0366814,K1280067            ,Arribado,http://dassaweb.mqbic.com/NewTallyExpoConsumo.php?id=29251
2026-05-06,43579,TEMU-262488-7,Borax Argentina S A,BUA0366814,K1280097            ,Arribado,http://dassaweb.mqbic.com/NewTallyExpoConsumo.php?id=29252
2026-05-06,43580,TCLU-315275-1,Borax Argentina S A,BUA0366814,K1280059            ,Arribado,http://dassaweb.mqbic.com/NewTallyExpoConsumo.php?id=29254
2026-05-06,43581,TEMU-253214-2,Borax Argentina S A,BUA0366814,K1280073            ,Arribado,http://dassaweb.mqbic.com/NewTallyExpoConsumo.php?id=29253
2026-05-04,43522,PCIU-142504-1,Borax Argentina S A,BUE600076100,*************       ,Arribado,http://dassaweb.mqbic.com/NewTallyExpoConsumo.php?id=29219
2026-05-04,43523,PCIU-123356-3,Borax Argentina S A,BUE600076100,***********         ,Arribado,http://dassaweb.mqbic.com/NewTallyExpoConsumo.php?id=29220
2026-05-04,43524,PCIU-119233-5,Borax Argentina S A,BUE600076100,************        ,Arribado,http://dassaweb.mqbic.com/NewTallyExpoConsumo.php?id=29221
2026-05-04,43525,CAXU-318468-8,Borax Argentina S A,BUE600076100,**************      ,Arribado,http://dassaweb.mqbic.com/NewTallyExpoConsumo.php?id=29222
2026-05-04,43526,PCIU-130830-1,Borax Argentina S A,BUE600076100,************        ,Arribado,http://dassaweb.mqbic.com/NewTallyExpoConsumo.php?id=29225
2026-05-04,43516,PCIU-289470-0,Borax Argentina S A,BUE600076100,***********         ,Arribado,http://dassaweb.mqbic.com/NewTallyExpoConsumo.php?id=29213
2026-05-04,43517,PCIU-003522-3,Borax Argentina S A,BUE600076100,*************       ,Arribado,http://dassaweb.mqbic.com/NewTallyExpoConsumo.php?id=29214
2026-05-04,43518,PCIU-023035-9,Borax Argentina S A,BUE600076100,*************       ,Arribado,http://dassaweb.mqbic.com/NewTallyExpoConsumo.php?id=29215
2026-05-04,43519,PCIU-286839-0,Borax Argentina S A,BUE600076100,************        ,Arribado,http://dassaweb.mqbic.com/NewTallyExpoConsumo.php?id=29216
2026-05-04,43520,PCIU-151597-3,Borax Argentina S A,BUE600076100,***********         ,Arribado,http://dassaweb.mqbic.com/NewTallyExpoConsumo.php?id=29217
2026-05-04,43521,PCIU-192116-5,Borax Argentina S A,BUE600076100,***********         ,Arribado,http://dassaweb.mqbic.com/NewTallyExpoConsumo.php?id=29218
2026-05-04,43515,PCIU-148471-7,Borax Argentina S A,BUE600076100,***********         ,Arribado,http://dassaweb.mqbic.com/NewTallyExpoConsumo.php?id=29212
2026-04-27,43443,CMAU-276840-9,Borax Argentina S A,BUA0366840,K1279968            ,Arribado,http://dassaweb.mqbic.com/NewTallyExpoConsumo.php?id=29186
2026-04-27,43444,SEGU-117377-7,Borax Argentina S A,BUA0366840,K1279977            ,Arribado,http://dassaweb.mqbic.com/NewTallyExpoConsumo.php?id=29187
2026-04-27,43445,TRHU-266556-0,Borax Argentina S A,BUA0366859,K1279965            ,Arribado,http://dassaweb.mqbic.com/NewTallyExpoConsumo.php?id=29185
2026-04-27,43436,PCIU-011211-9,Borax Argentina S A,BUE600076000,************        ,Arribado,http://dassaweb.mqbic.com/NewTallyExpoConsumo.php?id=29197
2026-04-27,43437,PCIU-118170-5,Borax Argentina S A,BUE600076000, *************      ,Arribado,http://dassaweb.mqbic.com/NewTallyExpoConsumo.php?id=29198
2026-04-27,43438,PCIU-018701-5,Borax Argentina S A,BUE600076000,***************     ,Arribado,http://dassaweb.mqbic.com/NewTallyExpoConsumo.php?id=29199
2026-04-27,43439,PCIU-016503-7,Borax Argentina S A,BUE600076000,***************     ,Arribado,http://dassaweb.mqbic.com/NewTallyExpoConsumo.php?id=29200
2026-04-27,43430,PCIU-012669-0,Borax Argentina S A,BUE600076000,**********          ,Arribado,http://dassaweb.mqbic.com/NewTallyExpoConsumo.php?id=29191
2026-04-27,43431,GLDU-578063-6,Borax Argentina S A,BUE600076000,**************      ,Arribado,http://dassaweb.mqbic.com/NewTallyExpoConsumo.php?id=29192
2026-04-27,43432,PCIU-128428-3,Borax Argentina S A,BUE600076000,************        ,Arribado,http://dassaweb.mqbic.com/NewTallyExpoConsumo.php?id=29193
2026-04-27,43433,GLDU-959817-3,Borax Argentina S A,BUE600076000,***********         ,Arribado,http://dassaweb.mqbic.com/NewTallyExpoConsumo.php?id=29194
2026-04-27,43434,PCIU-020874-0,Borax Argentina S A,BUE600076000,***********         ,Arribado,http://dassaweb.mqbic.com/NewTallyExpoConsumo.php?id=29195
2026-04-27,43435,PCIU-194125-9,Borax Argentina S A,BUE600076000,************        ,Arribado,http://dassaweb.mqbic.com/NewTallyExpoConsumo.php?id=29196
2026-04-27,43428,PCIU-187541-3,Borax Argentina S A,BUE600076000,****************    ,Arribado,http://dassaweb.mqbic.com/NewTallyExpoConsumo.php?id=29189
2026-04-27,43429,PIDU-207016-5,Borax Argentina S A,BUE600076000,*************       ,Arribado,http://dassaweb.mqbic.com/NewTallyExpoConsumo.php?id=29190
2026-03-30,42967,CAIU-332495-7,Borax Argentina S A,BUE600059000,******              ,Arribado,http://dassaweb.mqbic.com/NewTallyExpoConsumo.php?id=29083
2026-03-30,42968,PCIU-014204-7,Borax Argentina S A,BUE600058900,***********         ,Arribado,http://dassaweb.mqbic.com/NewTallyExpoConsumo.php?id=29084
2026-03-30,42969,TCKU-324617-5,Borax Argentina S A,267482567,***********         ,Arribado,http://dassaweb.mqbic.com/NewTallyExpoConsumo.php?id=29085
2026-03-25,42827,MRKU-789746-0,Borax Argentina S A,267432458,**************      ,Arribado,http://dassaweb.mqbic.com/NewTallyExpoConsumo.php?id=29059
2026-03-25,42828,MRKU-956396-6,Borax Argentina S A,267432495,**************      ,Arribado,http://dassaweb.mqbic.com/NewTallyExpoConsumo.php?id=29058
2026-03-17,42734,CMAU-035042-5,Borax Argentina S A,BUA0363984,K1266880            ,Arribado,http://dassaweb.mqbic.com/NewTallyExpoConsumo.php?id=29033
2026-03-17,42735,TCKU-195946-0,Borax Argentina S A,BUA0363984,K1266856            ,Arribado,http://dassaweb.mqbic.com/NewTallyExpoConsumo.php?id=29034
2026-03-17,42753,CMAU-254444-0,Borax Argentina S A,BUA0363939,K1266864            ,Arribado,http://dassaweb.mqbic.com/NewTallyExpoConsumo.php?id=29021
2026-03-17,42754,CAIU-384051-0,Borax Argentina S A,BUA0363939,K1266868            ,Arribado,http://dassaweb.mqbic.com/NewTallyExpoConsumo.php?id=29022
2026-03-17,42755,CMAU-217705-2,Borax Argentina S A,BUA0363939,K1266873            ,Arribado,http://dassaweb.mqbic.com/NewTallyExpoConsumo.php?id=29023
2026-03-17,42756,TGHU-108952-0,Borax Argentina S A,BUA0363939,K1266858            ,Arribado,http://dassaweb.mqbic.com/NewTallyExpoConsumo.php?id=29024
2026-03-17,42726,CMAU-094066-9,Borax Argentina S A,BUA0363985,K1266889            ,Arribado,http://dassaweb.mqbic.com/NewTallyExpoConsumo.php?id=29046
2026-03-17,42727,TCLU-317333-2,Borax Argentina S A,BUA0363985,K1266898            ,Arribado,http://dassaweb.mqbic.com/NewTallyExpoConsumo.php?id=29047
2026-03-17,42728,CMAU-323057-3,Borax Argentina S A,BUA0363985,K1266886            ,Arribado,http://dassaweb.mqbic.com/NewTallyExpoConsumo.php?id=29048
2026-03-17,42731,TGHU-173509-1,Borax Argentina S A,BUA0363984,K1266871            ,Arribado,http://dassaweb.mqbic.com/NewTallyExpoConsumo.php?id=29030
2026-03-17,42732,APZU-211839-4,Borax Argentina S A,BUA0363984,K1266900            ,Arribado,http://dassaweb.mqbic.com/NewTallyExpoConsumo.php?id=29031
2026-03-17,42733,BMOU-278099-4,Borax Argentina S A,BUA0363984,K1266912            ,Arribado,http://dassaweb.mqbic.com/NewTallyExpoConsumo.php?id=29032
2026-03-17,42724,TCKU-161448-9,Borax Argentina S A,BUA0363985,K1266922            ,Arribado,http://dassaweb.mqbic.com/NewTallyExpoConsumo.php?id=29044
2026-03-17,42725,TRHU-323543-5,Borax Argentina S A,BUA0363985,K1266891            ,Arribado,http://dassaweb.mqbic.com/NewTallyExpoConsumo.php?id=29045
2026-03-16,42677,MRKU-735704-0,Borax Argentina S A,267433713,**********          ,Arribado,http://dassaweb.mqbic.com/NewTallyExpoConsumo.php?id=28998
2026-03-16,42678,MRKU-677178-1,Borax Argentina S A,267433713,***********         ,Arribado,http://dassaweb.mqbic.com/NewTallyExpoConsumo.php?id=28999
2026-03-16,42671,MRKU-756279-1,Borax Argentina S A,267433604,*************       ,Arribado,http://dassaweb.mqbic.com/NewTallyExpoConsumo.php?id=29003
2026-03-16,42672,MSKU-767055-0,Borax Argentina S A,267433604,**********          ,Arribado,http://dassaweb.mqbic.com/NewTallyExpoConsumo.php?id=29004
2026-03-16,42673,TEMU-092550-0,Borax Argentina S A,267433604,***********         ,Arribado,http://dassaweb.mqbic.com/NewTallyExpoConsumo.php?id=29005
2026-03-16,42674,MRKU-720872-5,Borax Argentina S A,267433604,************        ,Arribado,http://dassaweb.mqbic.com/NewTallyExpoConsumo.php?id=29006
2026-03-16,42675,MRKU-934820-1,Borax Argentina S A,267433604,***********         ,Arribado,http://dassaweb.mqbic.com/NewTallyExpoConsumo.php?id=29007
2026-03-16,42676,HASU-111355-9,Borax Argentina S A,267433604,*************       ,Arribado,http://dassaweb.mqbic.com/NewTallyExpoConsumo.php?id=29008
2026-03-11,42559,BEAU-202677-9,Borax Argentina S A,BUA0363546,K1271690            ,Arribado,http://dassaweb.mqbic.com/NewTallyExpoConsumo.php?id=28970
2026-03-11,42560,GLDU-530152-2,Borax Argentina S A,BUA0363546,K1271684            ,Arribado,http://dassaweb.mqbic.com/NewTallyExpoConsumo.php?id=28971
2026-03-16,42669,MRKU-972376-6,Borax Argentina S A,267433604,************        ,Arribado,http://dassaweb.mqbic.com/NewTallyExpoConsumo.php?id=29001
2026-03-16,42670,MRSU-002114-4,Borax Argentina S A,267433604,***********         ,Arribado,http://dassaweb.mqbic.com/NewTallyExpoConsumo.php?id=29002
2026-08-14,45840,TCLU-727066-5,Saf Argentina Socied...,EBKG18148299,FX45812552          ,Arribado,http://dassaweb.mqbic.com/NewTallyExpoConsumo.php?id=29896
2026-07-23,45154,MSBU-341202-5,Plasticos Dise S A,EBKG17855289,FX45802308          ,Arribado,http://dassaweb.mqbic.com/NewTallyExpoConsumo.php?id=29723
2026-03-11,42552,TCKU-454280-2,Lawter Argentina S.A...,28984144,*************       ,Arribado,http://dassaweb.mqbic.com/NewTallyExpoConsumo.php?id=28966
2026-03-11,42553,TCLU-407577-3,Lawter Argentina S.A...,28984144,************        ,Arribado,http://dassaweb.mqbic.com/NewTallyExpoConsumo.php?id=28967
2026-03-11,42554,HLXU-539538-0,Lawter Argentina S.A...,28984144,***********         ,Arribado,http://dassaweb.mqbic.com/NewTallyExpoConsumo.php?id=28979
2026-03-11,42555,HLBU-112699-7,Lawter Argentina S.A...,28984144,************        ,Arribado,http://dassaweb.mqbic.com/NewTallyExpoConsumo.php?id=28980
2026-03-11,42556,HLBU-114137-4,Lawter Argentina S.A...,28984144,***********         ,Arribado,http://dassaweb.mqbic.com/NewTallyExpoConsumo.php?id=28981
2026-09-07,46400,,Lawter Argentina S.A...,275904735,                    ,Pendiente,http://dassaweb.mqbic.com/NewTallyExpoConsumo.php?id=6052
2026-09-07,46401,,Lawter Argentina S.A...,275904735,                    ,Pendiente,http://dassaweb.mqbic.com/NewTallyExpoConsumo.php?id=6052
2026-09-07,46402,,Lawter Argentina S.A...,275904735,                    ,Pendiente,http://dassaweb.mqbic.com/NewTallyExpoConsumo.php?id=6052
2026-09-07,46403,,Lawter Argentina S.A...,275904735,                    ,Pendiente,http://dassaweb.mqbic.com/NewTallyExpoConsumo.php?id=6052
2026-09-02,46321,ZCSU-756545-7,Lawter Argentina S.A...,ZIMUBUE9052009,*****               ,Arribado,
2026-09-02,46322,TCLU-648122-0,Lawter Argentina S.A...,ZIMUBUE9052009,*****               ,Arribado,
2026-09-02,46319,JXLU-630444-3,Lawter Argentina S.A...,ZIMUBUE9052009,******              ,Arribado,
2026-09-02,46320,TCNU-423666-4,Lawter Argentina S.A...,ZIMUBUE9052009,*****               ,Arribado,
2026-09-01,46283,TRHU-429578-4,Lawter Argentina S.A...,275904696,****                ,Arribado,
2026-09-01,46284,MRKU-478163-0,Lawter Argentina S.A...,275904696,*****               ,Arribado,
2026-09-01,46285,HASU-451423-6,Lawter Argentina S.A...,275904696,********            ,Arribado,
2026-09-01,46286,MRSU-556902-2,Lawter Argentina S.A...,275904696,*****               ,Arribado,
2026-09-01,46287,HASU-490166-2,Lawter Argentina S.A...,275904643,******              ,Arribado,
2026-09-01,46288,CAAU-715905-6,Lawter Argentina S.A...,275904643,******              ,Arribado,
2026-09-01,46237,MRKU-476666-2,Lawter Argentina S.A...,275904643,*******             ,Arribado,
2026-09-01,46238,GAOU-735142-0,Lawter Argentina S.A...,275904643,********            ,Arribado,
2026-08-31,46231,AXIU-160581-5,Lawter Argentina S.A...,ZIMUBUE9052711,*********           ,Arribado,
2026-09-02,46232,ZCSU-611185-0,Lawter Argentina S.A...,ZIMUBUE9052711,******              ,Arribado,
2026-08-25,46039,ZCSU-650965-4,Lawter Argentina S.A...,ZIMUBUE9052019,*******             ,Arribado,http://dassaweb.mqbic.com/NewTallyExpoConsumo.php?id=30016
2026-08-25,46040,ZCSU-710047-0,Lawter Argentina S.A...,ZIMUBUE9052019,*********           ,Arribado,http://dassaweb.mqbic.com/NewTallyExpoConsumo.php?id=30015
2026-08-25,46041,ZCSU-739010-6,Lawter Argentina S.A...,ZIMUBUE9052366,************        ,Arribado,http://dassaweb.mqbic.com/NewTallyExpoConsumo.php?id=30014
2026-08-25,46042,ZCSU-739461-0,Lawter Argentina S.A...,ZIMUBUE9052366,********            ,Arribado,http://dassaweb.mqbic.com/NewTallyExpoConsumo.php?id=30017
2026-08-24,46013,FSCU-825432-0,Lawter Argentina S.A...,ZIMUBUE9052010,******              ,Arribado,http://dassaweb.mqbic.com/NewTallyExpoConsumo.php?id=29981
2026-08-24,46014,TCNU-408792-0,Lawter Argentina S.A...,ZIMUBUE9052010,*****               ,Arribado,http://dassaweb.mqbic.com/NewTallyExpoConsumo.php?id=29980
2026-08-24,46015,ZCSU-697211-8,Lawter Argentina S.A...,ZIMUBUE9052010,************        ,Arribado,http://dassaweb.mqbic.com/NewTallyExpoConsumo.php?id=29983
2026-08-24,46016,CAAU-873559-9,Lawter Argentina S.A...,ZIMUBUE9052010,******              ,Arribado,http://dassaweb.mqbic.com/NewTallyExpoConsumo.php?id=29982
2026-08-19,45848,ZCSU-685396-8,Lawter Argentina S.A...,ZIMUBUE9052527,****                ,Arribado,http://dassaweb.mqbic.com/NewTallyExpoConsumo.php?id=29947
2026-08-19,45849,ZCSU-760225-2,Lawter Argentina S.A...,ZIMUBUE9052527,****                ,Arribado,http://dassaweb.mqbic.com/NewTallyExpoConsumo.php?id=29949
2026-08-24,46009,MSKU-793120-6,Lawter Argentina S.A...,275470185,*****               ,Arribado,http://dassaweb.mqbic.com/NewTallyExpoConsumo.php?id=29990
2026-08-19,45846,ZCSU-737189-4,Lawter Argentina S.A...,ZIMUBUE9052527,******              ,Arribado,http://dassaweb.mqbic.com/NewTallyExpoConsumo.php?id=29946
2026-08-19,45847,ZCSU-737492-8,Lawter Argentina S.A...,ZIMUBUE9052527,***                 ,Arribado,http://dassaweb.mqbic.com/NewTallyExpoConsumo.php?id=29948
2026-08-12,45709,ONEU-545139-0,Lawter Argentina S.A...,BUEG10369600,****                ,Arribado,http://dassaweb.mqbic.com/NewTallyExpoConsumo.php?id=29870
2026-08-12,45710,ONEU-024248-5,Lawter Argentina S.A...,BUEG10369600,*****               ,Arribado,http://dassaweb.mqbic.com/NewTallyExpoConsumo.php?id=29871
2026-08-12,45711,KKFU-779086-2,Lawter Argentina S.A...,BUEG10369600,*****               ,Arribado,http://dassaweb.mqbic.com/NewTallyExpoConsumo.php?id=29872
2026-08-22,45781,MRSU-737405-6,Lawter Argentina S.A...,275716037,ML-AR2536426        ,Arribado,http://dassaweb.mqbic.com/NewTallyExpoConsumo.php?id=29965
2026-08-11,45680,HLBU-233239-6,Lawter Argentina S.A...,11925346,******              ,Arribado,http://dassaweb.mqbic.com/NewTallyExpoConsumo.php?id=29830
2026-08-11,45689,TGBU-580393-1,Lawter Argentina S.A...,15602211,******              ,Arribado,http://dassaweb.mqbic.com/NewTallyExpoConsumo.php?id=29847
2026-08-11,45690,DFSU-737561-4,Lawter Argentina S.A...,15602211,**                  ,Arribado,http://dassaweb.mqbic.com/NewTallyExpoConsumo.php?id=29848
2026-08-12,45708,CAAU-925861-2,Lawter Argentina S.A...,BUEG10369600,*****               ,Arribado,http://dassaweb.mqbic.com/NewTallyExpoConsumo.php?id=29869
2026-08-11,45656,MRKU-205409-9,Lawter Argentina S.A...,275361762,*****               ,Arribado,http://dassaweb.mqbic.com/NewTallyExpoConsumo.php?id=29832
2026-08-11,45657,CAAU-609815-1,Lawter Argentina S.A...,275361762,******              ,Arribado,http://dassaweb.mqbic.com/NewTallyExpoConsumo.php?id=29833
2026-08-11,45658,HASU-492305-0,Lawter Argentina S.A...,275361762,*****               ,Arribado,http://dassaweb.mqbic.com/NewTallyExpoConsumo.php?id=29834
2026-08-11,45659,MRKU-389611-0,Lawter Argentina S.A...,275361762,*****               ,Arribado,http://dassaweb.mqbic.com/NewTallyExpoConsumo.php?id=29835
2026-08-07,45490,TRHU-572551-3,Lawter Argentina S.A...,BUEG10368500,******              ,Arribado,http://dassaweb.mqbic.com/NewTallyExpoConsumo.php?id=29807
2026-08-07,45491,TCLU-984924-0,Lawter Argentina S.A...,BUEG10368500,******              ,Arribado,http://dassaweb.mqbic.com/NewTallyExpoConsumo.php?id=29806
2026-08-05,45471,CAAU-721939-2,Lawter Argentina S.A...,275233921,*******             ,Arribado,http://dassaweb.mqbic.com/NewTallyExpoConsumo.php?id=29802
2026-08-06,45488,UETU-706681-9,Lawter Argentina S.A...,BUEG10368500,*******             ,Arribado,http://dassaweb.mqbic.com/NewTallyExpoConsumo.php?id=29804
2026-08-06,45489,ONEU-516637-2,Lawter Argentina S.A...,BUEG10368500,*****               ,Arribado,http://dassaweb.mqbic.com/NewTallyExpoConsumo.php?id=29805
2026-07-28,45272,ZCSU-713357-7,Lawter Argentina S.A...,ZIMUBUE9052007,*************       ,Arribado,http://dassaweb.mqbic.com/NewTallyExpoConsumo.php?id=29742
2026-07-28,45273,CAAU-780232-6,Lawter Argentina S.A...,ZIMUBUE9052007,************        ,Arribado,http://dassaweb.mqbic.com/NewTallyExpoConsumo.php?id=29743
2026-07-28,45274,ZCSU-670139-5,Lawter Argentina S.A...,ZIMUBUE9052007,************        ,Arribado,http://dassaweb.mqbic.com/NewTallyExpoConsumo.php?id=29744
2026-07-28,45275,GAOU-603898-2,Lawter Argentina S.A...,ZIMUBUE9052007,********            ,Arribado,http://dassaweb.mqbic.com/NewTallyExpoConsumo.php?id=29745
2026-07-27,45193,ZCSU-705390-7,Lawter Argentina S.A...,ZIMUBUE9051910,**********          ,Arribado,http://dassaweb.mqbic.com/NewTallyExpoConsumo.php?id=29739
2026-07-27,45194,TEMU-689058-7,Lawter Argentina S.A...,ZIMUBUE9051910,***************     ,Arribado,http://dassaweb.mqbic.com/NewTallyExpoConsumo.php?id=29740
2026-07-22,45131,FFAU-368454-8,Lawter Argentina S.A...,BUEG08763400,********************,Arribado,http://dassaweb.mqbic.com/NewTallyExpoConsumo.php?id=29717
2026-07-22,45132,TRHU-518616-0,Lawter Argentina S.A...,BUEG08763400,                    ,Arribado,http://dassaweb.mqbic.com/NewTallyExpoConsumo.php?id=29718
2026-07-22,45129,FFAU-638832-3,Lawter Argentina S.A...,BUEG08763400,**********          ,Arribado,http://dassaweb.mqbic.com/NewTallyExpoConsumo.php?id=29715
2026-07-22,45130,TCLU-987658-5,Lawter Argentina S.A...,BUEG08763400,***********         ,Arribado,http://dassaweb.mqbic.com/NewTallyExpoConsumo.php?id=29716
2026-07-17,45061,TRHU-826159-2,Lawter Argentina S.A...,274443044,*****               ,Arribado,http://dassaweb.mqbic.com/NewTallyExpoConsumo.php?id=29683
2026-07-17,45062,MRSU-598561-0,Lawter Argentina S.A...,274443044,*************       ,Arribado,http://dassaweb.mqbic.com/NewTallyExpoConsumo.php?id=29682
2026-07-17,45030,MRKU-420519-4,Lawter Argentina S.A...,274450737,************        ,Arribado,http://dassaweb.mqbic.com/NewTallyExpoConsumo.php?id=29684
2026-07-17,45031,MSKU-148319-3,Lawter Argentina S.A...,274450737,*************       ,Arribado,http://dassaweb.mqbic.com/NewTallyExpoConsumo.php?id=29685
2026-07-17,45032,MRSU-970295-6,Lawter Argentina S.A...,274450737,**********          ,Arribado,http://dassaweb.mqbic.com/NewTallyExpoConsumo.php?id=29687
2026-07-17,45033,MRSU-590685-9,Lawter Argentina S.A...,274450737,*********           ,Arribado,http://dassaweb.mqbic.com/NewTallyExpoConsumo.php?id=29686
2026-07-17,45059,CIPU-520307-6,Lawter Argentina S.A...,274443044,**********          ,Arribado,http://dassaweb.mqbic.com/NewTallyExpoConsumo.php?id=29680
2026-07-17,45060,MSKU-105734-6,Lawter Argentina S.A...,274443044,**********          ,Arribado,http://dassaweb.mqbic.com/NewTallyExpoConsumo.php?id=29681
2026-07-20,45026,ONEU-041617-0,Lawter Argentina S.A...,BUEG08762300,****************    ,Arribado,http://dassaweb.mqbic.com/NewTallyExpoConsumo.php?id=29671
2026-07-20,45027,TRHU-764469-0,Lawter Argentina S.A...,BUEG08762300,**************      ,Arribado,http://dassaweb.mqbic.com/NewTallyExpoConsumo.php?id=29672
2026-07-17,45028,GAOU-665301-9,Lawter Argentina S.A...,BUEG08762300,*************       ,Arribado,http://dassaweb.mqbic.com/NewTallyExpoConsumo.php?id=29678
2026-07-17,45029,GCXU-523120-0,Lawter Argentina S.A...,BUEG08762300,***************     ,Arribado,http://dassaweb.mqbic.com/NewTallyExpoConsumo.php?id=29679
2026-07-14,44957,TLLU-458442-3,Lawter Argentina S.A...,ZIMUBUE9051523,**********          ,Arribado,http://dassaweb.mqbic.com/NewTallyExpoConsumo.php?id=29622
2026-07-07,44786,ONEU-090429-9,Lawter Argentina S.A...,BUEG08761900,**************      ,Arribado,http://dassaweb.mqbic.com/NewTallyExpoConsumo.php?id=29608
2026-07-07,44787,BEAU-529441-4,Lawter Argentina S.A...,BUEG08761900,****************    ,Arribado,http://dassaweb.mqbic.com/NewTallyExpoConsumo.php?id=29610
2026-07-07,44788,ONEU-533165-1,Lawter Argentina S.A...,BUEG08761900,************        ,Arribado,http://dassaweb.mqbic.com/NewTallyExpoConsumo.php?id=29609
2026-07-13,44834,TLLU-532586-0,Lawter Argentina S.A...,ZIMUBUE9051538,*********           ,Arribado,http://dassaweb.mqbic.com/NewTallyExpoConsumo.php?id=29633
2026-07-13,44835,ZCSU-671892-6,Lawter Argentina S.A...,ZIMUBUE9051538,*************       ,Arribado,http://dassaweb.mqbic.com/NewTallyExpoConsumo.php?id=29634
2026-07-03,44727,TCLU-663043-2,Lawter Argentina S.A...,BUEG08759900,************        ,Arribado,http://dassaweb.mqbic.com/NewTallyExpoConsumo.php?id=29587
2026-07-03,44728,KKFU-803796-1,Lawter Argentina S.A...,BUEG08759900,************        ,Arribado,http://dassaweb.mqbic.com/NewTallyExpoConsumo.php?id=29588
2026-07-03,44729,TGBU-465510-4,Lawter Argentina S.A...,BUEG08759900,***********         ,Arribado,http://dassaweb.mqbic.com/NewTallyExpoConsumo.php?id=29589
2026-07-03,44730,TCNU-480883-6,Lawter Argentina S.A...,BUEG08759900,**************      ,Arribado,http://dassaweb.mqbic.com/NewTallyExpoConsumo.php?id=29590
2026-07-07,44785,ONEU-057361-0,Lawter Argentina S.A...,BUEG08761900,***********         ,Arribado,http://dassaweb.mqbic.com/NewTallyExpoConsumo.php?id=29607
2026-06-26,44633,ONEU-073249-8,Lawter Argentina S.A...,BUEG06839600,*********           ,Arribado,http://dassaweb.mqbic.com/NewTallyExpoConsumo.php?id=29557
2026-07-01,44671,HAMU-352468-6,Lawter Argentina S.A...,11910506,**********          ,Arribado,http://dassaweb.mqbic.com/NewTallyExpoConsumo.php?id=29578
2026-07-01,44672,FANU-148366-1,Lawter Argentina S.A...,11910506,************        ,Arribado,http://dassaweb.mqbic.com/NewTallyExpoConsumo.php?id=29579
2026-06-29,44627,TGBU-706726-0,Lawter Argentina S.A...,ZIMUBUE9051339,***********         ,Arribado,http://dassaweb.mqbic.com/NewTallyExpoConsumo.php?id=29565
2026-06-29,44628,ZCSU-761638-5,Lawter Argentina S.A...,ZIMUBUE9051339,*******             ,Arribado,http://dassaweb.mqbic.com/NewTallyExpoConsumo.php?id=29566
2026-06-29,44629,TGBU-720762-8,Lawter Argentina S.A...,ZIMUBUE9051339,************        ,Arribado,http://dassaweb.mqbic.com/NewTallyExpoConsumo.php?id=29567
2026-06-26,44630,ONEU-071760-0,Lawter Argentina S.A...,BUEG06839600,************        ,Arribado,http://dassaweb.mqbic.com/NewTallyExpoConsumo.php?id=29554
2026-06-26,44631,ONEU-632678-9,Lawter Argentina S.A...,BUEG06839600,*************       ,Arribado,http://dassaweb.mqbic.com/NewTallyExpoConsumo.php?id=29555
2026-06-26,44632,ONEU-586882-5,Lawter Argentina S.A...,BUEG06839600,************        ,Arribado,http://dassaweb.mqbic.com/NewTallyExpoConsumo.php?id=29556
2026-06-29,44626,ZCSU-698810-9,Lawter Argentina S.A...,ZIMUBUE9051339,***********         ,Arribado,http://dassaweb.mqbic.com/NewTallyExpoConsumo.php?id=29564
2026-06-18,44445,TCNU-455978-0,Lawter Argentina S.A...,ZIMUBUE9051136,***********         ,Arribado,http://dassaweb.mqbic.com/NewTallyExpoConsumo.php?id=29505
2026-06-18,44446,ZCSU-707022-6,Lawter Argentina S.A...,ZIMUBUE9051136,***********         ,Arribado,http://dassaweb.mqbic.com/NewTallyExpoConsumo.php?id=29514
2026-06-23,44505,MRKU-558750-6,Lawter Argentina S.A...,272310843,ML-AR2536467        ,Arribado,http://dassaweb.mqbic.com/NewTallyExpoConsumo.php?id=29517
2026-06-18,44444,TCNU-670112-7,Lawter Argentina S.A...,ZIMUBUE9051136,**********          ,Arribado,http://dassaweb.mqbic.com/NewTallyExpoConsumo.php?id=29504
2026-06-11,44323,CSNU-409677-8,Lawter Argentina S.A...,COSU6504260090,**********          ,Arribado,http://dassaweb.mqbic.com/NewTallyExpoConsumo.php?id=29476
2026-06-11,44324,OOCU-498234-0,Lawter Argentina S.A...,COSU6504260090,***********         ,Arribado,http://dassaweb.mqbic.com/NewTallyExpoConsumo.php?id=29481
2026-06-11,44325,OOLU-441429-0,Lawter Argentina S.A...,COSU6504260090,**********          ,Arribado,http://dassaweb.mqbic.com/NewTallyExpoConsumo.php?id=29482
2026-06-11,44326,TCLU-428676-0,Lawter Argentina S.A...,COSU6504260090,*************       ,Arribado,http://dassaweb.mqbic.com/NewTallyExpoConsumo.php?id=29483
2026-06-10,44315,TLLU-606283-4,Lawter Argentina S.A...,BUEG06837400,************        ,Arribado,http://dassaweb.mqbic.com/NewTallyExpoConsumo.php?id=29472
2026-06-10,44316,DRYU-429120-5,Lawter Argentina S.A...,BUEG06837400,************        ,Arribado,http://dassaweb.mqbic.com/NewTallyExpoConsumo.php?id=29473
2026-06-10,44317,TLLU-612019-1,Lawter Argentina S.A...,BUEG06837400,**************      ,Arribado,http://dassaweb.mqbic.com/NewTallyExpoConsumo.php?id=29474
2026-06-10,44318,FDCU-044708-8,Lawter Argentina S.A...,BUEG06837400,*************       ,Arribado,http://dassaweb.mqbic.com/NewTallyExpoConsumo.php?id=29484
2026-06-04,44173,ONEU-081380-9,Lawter Argentina S.A...,BUEG06836300,**********          ,Arribado,http://dassaweb.mqbic.com/NewTallyExpoConsumo.php?id=29402
2026-06-04,44174,ONEU-679083-0,Lawter Argentina S.A...,BUEG06836300,**********          ,Arribado,http://dassaweb.mqbic.com/NewTallyExpoConsumo.php?id=29403
2026-05-27,44019,UETU-404471-3,Lawter Argentina S.A...,BUEG06202400,****************    ,Arribado,http://dassaweb.mqbic.com/NewTallyExpoConsumo.php?id=29361
2026-06-04,44171,ONEU-616165-2,Lawter Argentina S.A...,BUEG06836300,************        ,Arribado,http://dassaweb.mqbic.com/NewTallyExpoConsumo.php?id=29400
2026-06-04,44172,ONEU-690940-4,Lawter Argentina S.A...,BUEG06836300,************        ,Arribado,http://dassaweb.mqbic.com/NewTallyExpoConsumo.php?id=29401
2026-05-26,44017,TEMU-677423-1,Lawter Argentina S.A...,ZIMUBUE9049764,****************    ,Arribado,http://dassaweb.mqbic.com/NewTallyExpoConsumo.php?id=29360
2026-05-27,44018,NYKU-806678-6,Lawter Argentina S.A...,BUEG06202400,***********         ,Arribado,http://dassaweb.mqbic.com/NewTallyExpoConsumo.php?id=29362
2026-05-26,43938,TCNU-275559-4,Lawter Argentina S.A...,ZIMUBUE9049764,*************       ,Arribado,http://dassaweb.mqbic.com/NewTallyExpoConsumo.php?id=29357
2026-05-26,43939,TLLU-445268-5,Lawter Argentina S.A...,ZIMUBUE9049764,***********         ,Arribado,http://dassaweb.mqbic.com/NewTallyExpoConsumo.php?id=29358
2026-05-26,43940,TGBU-549748-8,Lawter Argentina S.A...,ZIMUBUE9049764,***********         ,Arribado,http://dassaweb.mqbic.com/NewTallyExpoConsumo.php?id=29359
2026-05-20,43858,GAOU-610447-2,Lawter Argentina S.A...,ZIMUBUE9049762,**********          ,Arribado,http://dassaweb.mqbic.com/NewTallyExpoConsumo.php?id=29312
2026-05-20,43859,BSIU-852182-5,Lawter Argentina S.A...,ZIMUBUE9049762,***********         ,Arribado,http://dassaweb.mqbic.com/NewTallyExpoConsumo.php?id=29318
2026-05-20,43860,RFCU-403387-8,Lawter Argentina S.A...,ZIMUBUE9049762,***********         ,Arribado,http://dassaweb.mqbic.com/NewTallyExpoConsumo.php?id=29320
2026-05-20,43861,TLLU-473689-2,Lawter Argentina S.A...,ZIMUBUE9049762,*************       ,Arribado,http://dassaweb.mqbic.com/NewTallyExpoConsumo.php?id=29321
2026-05-19,43823,ZCSU-732245-7,Lawter Argentina S.A...,ZIMUBUE9049762,*************       ,Arribado,http://dassaweb.mqbic.com/NewTallyExpoConsumo.php?id=29310
2026-05-19,43824,TIIU-424225-0,Lawter Argentina S.A...,ZIMUBUE9049762,************        ,Arribado,http://dassaweb.mqbic.com/NewTallyExpoConsumo.php?id=29311
2026-05-19,43825,TEMU-784459-1,Lawter Argentina S.A...,ZIMUBUE9049762,************        ,Arribado,http://dassaweb.mqbic.com/NewTallyExpoConsumo.php?id=29319
2026-05-18,43831,PCIU-948278-9,Lawter Argentina S.A...,BUE600074900,*************       ,Arribado,http://dassaweb.mqbic.com/NewTallyExpoConsumo.php?id=29283
2026-05-18,43832,PIDU-428654-9,Lawter Argentina S.A...,BUE600074900,***********         ,Arribado,http://dassaweb.mqbic.com/NewTallyExpoConsumo.php?id=29284
2026-05-18,43833,CAAU-906756-0,Lawter Argentina S.A...,BUE600074900,**************      ,Arribado,http://dassaweb.mqbic.com/NewTallyExpoConsumo.php?id=29285
2026-05-18,43807,STJU-206809-8,Lawter Argentina S.A...,ZIMUBUE9049966,************        ,Arribado,http://dassaweb.mqbic.com/NewTallyExpoConsumo.php?id=29296
2026-05-19,43822,ZCSU-659985-3,Lawter Argentina S.A...,ZIMUBUE9049762,**************      ,Arribado,http://dassaweb.mqbic.com/NewTallyExpoConsumo.php?id=29309
2026-05-18,43776,ZCSU-696548-5,Lawter Argentina S.A...,ZIMUBUE9049900,**************      ,Arribado,http://dassaweb.mqbic.com/NewTallyExpoConsumo.php?id=29286
2026-05-18,43777,ZCSU-657995-0,Lawter Argentina S.A...,ZIMUBUE9049900,***********         ,Arribado,http://dassaweb.mqbic.com/NewTallyExpoConsumo.php?id=29287
2026-05-18,43778,ZCSU-795818-2,Lawter Argentina S.A...,ZIMUBUE9049900,****                ,Arribado,http://dassaweb.mqbic.com/NewTallyExpoConsumo.php?id=29290
2026-05-18,43779,ZCSU-689000-4,Lawter Argentina S.A...,ZIMUBUE9049900,*************       ,Arribado,http://dassaweb.mqbic.com/NewTallyExpoConsumo.php?id=29289
2026-05-12,43708,KOCU-453170-0,Lawter Argentina S.A...,BUEA91085700,***********         ,Arribado,http://dassaweb.mqbic.com/NewTallyExpoConsumo.php?id=29267
2026-05-13,43721,TGHU-519567-0,Lawter Argentina S.A...,35802088,************        ,Arribado,http://dassaweb.mqbic.com/NewTallyExpoConsumo.php?id=29277
2026-05-12,43707,FFAU-609557-8,Lawter Argentina S.A...,BUEA91085700,***************     ,Arribado,http://dassaweb.mqbic.com/NewTallyExpoConsumo.php?id=29266
2026-04-17,43246,TCNU-325211-0,Lawter Argentina S.A...,23492565,*************       ,Arribado,http://dassaweb.mqbic.com/NewTallyExpoConsumo.php?id=29164
2026-04-20,43294,GCXU-572504-0,Lawter Argentina S.A...,269508882,ML-AR2536211        ,Arribado,http://dassaweb.mqbic.com/NewTallyExpoConsumo.php?id=29167
2026-04-21,43305,,Lawter Argentina S.A...,269508882,                    ,Pendiente,http://dassaweb.mqbic.com/NewTallyExpoConsumo.php?id=6052
2026-04-17,43240,UACU-603862-8,Lawter Argentina S.A...,93775021,************        ,Arribado,http://dassaweb.mqbic.com/NewTallyExpoConsumo.php?id=29155
2026-04-17,43241,UACU-553152-1,Lawter Argentina S.A...,93775021,*****               ,Arribado,http://dassaweb.mqbic.com/NewTallyExpoConsumo.php?id=29156
2026-04-17,43242,HLBU-129007-0,Lawter Argentina S.A...,93775021,***********         ,Arribado,http://dassaweb.mqbic.com/NewTallyExpoConsumo.php?id=29157
2026-04-17,43243,UASU-102821-2,Lawter Argentina S.A...,93775021,**************      ,Arribado,http://dassaweb.mqbic.com/NewTallyExpoConsumo.php?id=29158
2026-04-17,43244,UACU-565917-4,Lawter Argentina S.A...,93775021,*************       ,Arribado,http://dassaweb.mqbic.com/NewTallyExpoConsumo.php?id=29159
2026-04-17,43232,GCXU-575265-7,Lawter Argentina S.A...,269452297,**********          ,Arribado,http://dassaweb.mqbic.com/NewTallyExpoConsumo.php?id=29151
2026-04-17,43219,HLBU-326066-5,Lawter Argentina S.A...,13422654,********            ,Arribado,http://dassaweb.mqbic.com/NewTallyExpoConsumo.php?id=29154
2026-04-17,43230,MRKU-588902-3,Lawter Argentina S.A...,269452297,************        ,Arribado,http://dassaweb.mqbic.com/NewTallyExpoConsumo.php?id=29149
2026-04-17,43231,MRSU-552281-1,Lawter Argentina S.A...,269452297,***********         ,Arribado,http://dassaweb.mqbic.com/NewTallyExpoConsumo.php?id=29150
2026-04-14,43168,TXGU-681552-3,Lawter Argentina S.A...,27561571,************        ,Arribado,http://dassaweb.mqbic.com/NewTallyExpoConsumo.php?id=29132
2026-04-17,43217,TCNU-754689-5,Lawter Argentina S.A...,13422654,***************     ,Arribado,http://dassaweb.mqbic.com/NewTallyExpoConsumo.php?id=29152
2026-04-17,43218,HLBU-327201-2,Lawter Argentina S.A...,13422654,************        ,Arribado,http://dassaweb.mqbic.com/NewTallyExpoConsumo.php?id=29153
2026-04-13,43159,HAMU-293086-5,Lawter Argentina S.A...,32512362,***********         ,Arribado,http://dassaweb.mqbic.com/NewTallyExpoConsumo.php?id=29123
2026-04-14,43166,UACU-604032-7,Lawter Argentina S.A...,27561571,***********         ,Arribado,http://dassaweb.mqbic.com/NewTallyExpoConsumo.php?id=29130
2026-04-14,43167,HLBU-166048-8,Lawter Argentina S.A...,27561571,************        ,Arribado,http://dassaweb.mqbic.com/NewTallyExpoConsumo.php?id=29131
2026-04-13,43147,FANU-114707-6,Lawter Argentina S.A...,32512362,*************       ,Arribado,http://dassaweb.mqbic.com/NewTallyExpoConsumo.php?id=29119
2026-04-13,43148,TCNU-566913-9,Lawter Argentina S.A...,32512362,*****************   ,Arribado,http://dassaweb.mqbic.com/NewTallyExpoConsumo.php?id=29120
2026-04-13,43152,HLXU-828014-7,Lawter Argentina S.A...,32512362,**********          ,Arribado,http://dassaweb.mqbic.com/NewTallyExpoConsumo.php?id=29121
2026-04-13,43154,UACU-564742-4,Lawter Argentina S.A...,32512362,**********          ,Arribado,http://dassaweb.mqbic.com/NewTallyExpoConsumo.php?id=29122
2026-04-08,43064,SEGU-553269-0,Lawter Argentina S.A...,BUEG03494700,**************      ,Arribado,http://dassaweb.mqbic.com/NewTallyExpoConsumo.php?id=29108
2026-04-09,43094,,Lawter Argentina S.A...,268813963,                    ,Arribado,http://dassaweb.mqbic.com/NewTallyExpoConsumo.php?id=6052
2026-03-18,42791,HLBU-146938-4,Lawter Argentina S.A...,50677024,*********           ,Arribado,http://dassaweb.mqbic.com/NewTallyExpoConsumo.php?id=29055
2026-04-07,43037,MRSU-939985-5,Lawter Argentina S.A...,268813963,ML-AR2536332        ,Arribado,http://dassaweb.mqbic.com/NewTallyExpoConsumo.php?id=29103
2026-03-17,42758,MSBU-454590-6,Lawter Argentina S.A...,153IAR0655832,FX32992961          ,Arribado,http://dassaweb.mqbic.com/NewTallyExpoConsumo.php?id=29037
2026-03-17,42759,MSBU-413871-0,Lawter Argentina S.A...,153IAR0655832,FX32992970          ,Arribado,http://dassaweb.mqbic.com/NewTallyExpoConsumo.php?id=29019
2026-03-17,42760,MSCU-440234-4,Lawter Argentina S.A...,153IAR0655832,FX32992807          ,Arribado,http://dassaweb.mqbic.com/NewTallyExpoConsumo.php?id=29038
2026-03-17,42761,MSDU-438550-7,Lawter Argentina S.A...,153IAR0655832,FX-32992785         ,Arribado,http://dassaweb.mqbic.com/NewTallyExpoConsumo.php?id=29039
2026-03-18,42790,UETU-590441-9,Lawter Argentina S.A...,25321045,***********         ,Arribado,http://dassaweb.mqbic.com/NewTallyExpoConsumo.php?id=29049
2026-03-17,42737,BSIU-975397-5,Lawter Argentina S.A...,ZIMUBUE9048026,**********          ,Arribado,http://dassaweb.mqbic.com/NewTallyExpoConsumo.php?id=29014
2026-03-17,42738,ZCSU-678149-3,Lawter Argentina S.A...,ZIMUBUE9048026,**************      ,Arribado,http://dassaweb.mqbic.com/NewTallyExpoConsumo.php?id=29015
2026-03-17,42739,PRSU-887137-9,Lawter Argentina S.A...,ZIMUBUE9048026,*********           ,Arribado,http://dassaweb.mqbic.com/NewTallyExpoConsumo.php?id=29016
2026-03-17,42740,JXLU-618605-8,Lawter Argentina S.A...,ZIMUBUE9048026,**********          ,Arribado,http://dassaweb.mqbic.com/NewTallyExpoConsumo.php?id=29017
2026-03-17,42741,ZCSU-774601-2,Lawter Argentina S.A...,ZIMUBUE9048026,**********          ,Arribado,http://dassaweb.mqbic.com/NewTallyExpoConsumo.php?id=29018
2026-03-17,42742,TLLU-587282-5,Lawter Argentina S.A...,ZIMUBUE9048026,************        ,Arribado,http://dassaweb.mqbic.com/NewTallyExpoConsumo.php?id=29053
2026-03-16,42667,MRKU-020401-3,Lawter Argentina S.A...,266985774,************        ,Arribado,http://dassaweb.mqbic.com/NewTallyExpoConsumo.php?id=28995
2026-03-12,42600,MSKU-654717-7,Lawter Argentina S.A...,266986506,**************      ,Arribado,http://dassaweb.mqbic.com/NewTallyExpoConsumo.php?id=28991
2026-03-12,42601,PONU-175557-9,Lawter Argentina S.A...,266986506,***********         ,Arribado,http://dassaweb.mqbic.com/NewTallyExpoConsumo.php?id=28992
2026-03-12,42598,MRKU-056025-1,Lawter Argentina S.A...,266986506,**************      ,Arribado,http://dassaweb.mqbic.com/NewTallyExpoConsumo.php?id=28989
2026-03-12,42599,MRKU-093672-9,Lawter Argentina S.A...,266986506,*****************   ,Arribado,http://dassaweb.mqbic.com/NewTallyExpoConsumo.php?id=28990
2026-04-20,43306,MEDU-511620-7,2M Comex,LA0489014,******              ,Arribado,http://dassaweb.mqbic.com/NewTallyExpoConsumo.php?id=29165
2026-08-05,45480,ZCSU-738402-1,Virasoro Maderas S R...,ZIMUBUE9051819,**********          ,Arribado,http://dassaweb.mqbic.com/NewTallyExpoConsumo.php?id=29829
2026-08-05,45482,ZCSU-667328-8,Virasoro Maderas S R...,ZIMUBUE9051819,******              ,Arribado,http://dassaweb.mqbic.com/NewTallyExpoConsumo.php?id=29814
2026-08-13,45763,HASU-520098-6,Virasoro Maderas S R...,275471082,********            ,Arribado,http://dassaweb.mqbic.com/NewTallyExpoConsumo.php?id=29912
2026-08-13,45764,MRSU-508045-3,Virasoro Maderas S R...,275471082,*****               ,Arribado,http://dassaweb.mqbic.com/NewTallyExpoConsumo.php?id=29913
2026-08-13,45765,HASU-450880-3,Virasoro Maderas S R...,275471082,******              ,Arribado,http://dassaweb.mqbic.com/NewTallyExpoConsumo.php?id=29914
2026-08-28,45917,OOCU-774365-2,Virasoro Maderas S R...,COSU6509282040,******              ,Arribado,http://dassaweb.mqbic.com/NewTallyExpoConsumo.php?id=30038
2026-08-07,45519,ZCSU-764124-3,Virasoro Maderas S R...,ZIMUBUE9052048,****                ,Arribado,http://dassaweb.mqbic.com/NewTallyExpoConsumo.php?id=29836
2026-08-07,45520,ZCSU-724244-9,Virasoro Maderas S R...,ZIMUBUE9052048,***                 ,Arribado,http://dassaweb.mqbic.com/NewTallyExpoConsumo.php?id=29837
2026-07-27,45195,GOSU-101133-9,Tony Maderas Sa,ZIMUBUE9051959,***********         ,Arribado,http://dassaweb.mqbic.com/NewTallyExpoConsumo.php?id=29731
2026-09-01,46246,,Tony Maderas Sa,275769715,                    ,Pendiente,http://dassaweb.mqbic.com/NewTallyExpoConsumo.php?id=6052
2026-08-13,45681,,Norfor Sa,COSU6462599830,                    ,Pendiente,http://dassaweb.mqbic.com/NewTallyExpoConsumo.php?id=6052
2026-08-13,45682,,Norfor Sa,COSU6462599830,                    ,Pendiente,http://dassaweb.mqbic.com/NewTallyExpoConsumo.php?id=6052
2026-08-26,46167,MRKU-549785-0,Norfor Sa,275770378,***************     ,Arribado,http://dassaweb.mqbic.com/NewTallyExpoConsumo.php?id=30008
2026-08-26,46153,,Norfor Sa,275770378,                    ,Pendiente,http://dassaweb.mqbic.com/NewTallyExpoConsumo.php?id=6052
2026-08-26,46154,TRHU-495169-2,Norfor Sa,275770378,*************       ,Arribado,http://dassaweb.mqbic.com/NewTallyExpoConsumo.php?id=30004
2026-08-26,46155,TRHU-454907-1,Norfor Sa,275770378,**********          ,Arribado,http://dassaweb.mqbic.com/NewTallyExpoConsumo.php?id=30006
2026-08-26,46156,MRSU-637971-0,Norfor Sa,275770378,*****               ,Arribado,http://dassaweb.mqbic.com/NewTallyExpoConsumo.php?id=30005
2026-08-26,46157,MRSU-634274-8,Norfor Sa,275770378,********            ,Arribado,http://dassaweb.mqbic.com/NewTallyExpoConsumo.php?id=30007
2026-08-13,45683,,Norfor Sa,COSU6462599830,                    ,Pendiente,http://dassaweb.mqbic.com/NewTallyExpoConsumo.php?id=6052
2026-08-13,45684,,Norfor Sa,COSU6462599830,                    ,Pendiente,http://dassaweb.mqbic.com/NewTallyExpoConsumo.php?id=6052
2026-07-29,45284,FCIU-944192-2,Laharrague Chodorge ...,6508133130,*************       ,Arribado,http://dassaweb.mqbic.com/NewTallyExpoConsumo.php?id=29759
2026-07-29,45285,FFAU-607699-0,Laharrague Chodorge ...,6508133130,*************       ,Arribado,http://dassaweb.mqbic.com/NewTallyExpoConsumo.php?id=29760
2026-07-29,45286,TXGU-823689-7,Laharrague Chodorge ...,6508133130,*****               ,Arribado,http://dassaweb.mqbic.com/NewTallyExpoConsumo.php?id=29761
2026-07-30,45287,UETU-530421-9,Laharrague Chodorge ...,6508133130,*************       ,Arribado,http://dassaweb.mqbic.com/NewTallyExpoConsumo.php?id=29762
2026-07-30,45288,TGHU-653546-0,Laharrague Chodorge ...,6508133130,*********           ,Arribado,http://dassaweb.mqbic.com/NewTallyExpoConsumo.php?id=29763
2026-08-06,45495,TGBU-876522-3,Laharrague Chodorge ...,6509156450,******              ,Arribado,http://dassaweb.mqbic.com/NewTallyExpoConsumo.php?id=29821
2026-08-07,45496,OOCU-759730-5,Laharrague Chodorge ...,6509156450,******              ,Arribado,http://dassaweb.mqbic.com/NewTallyExpoConsumo.php?id=29822
2026-08-04,45422,ZCSU-719679-1,Laharrague Chodorge ...,ZIMUBUE9052149,********            ,Arribado,http://dassaweb.mqbic.com/NewTallyExpoConsumo.php?id=29791
2026-08-04,45423,TCLU-497635-0,Laharrague Chodorge ...,ZIMUBUE9052149,********            ,Arribado,http://dassaweb.mqbic.com/NewTallyExpoConsumo.php?id=29792
2026-08-04,45424,GAOU-613700-7,Laharrague Chodorge ...,ZIMUBUE9052149,******              ,Arribado,http://dassaweb.mqbic.com/NewTallyExpoConsumo.php?id=29793
2026-08-06,45492,TIIU-681388-8,Laharrague Chodorge ...,6509156450,*******             ,Arribado,http://dassaweb.mqbic.com/NewTallyExpoConsumo.php?id=29820
2026-08-06,45493,GCXU-562410-5,Laharrague Chodorge ...,6509156450,***********         ,Arribado,http://dassaweb.mqbic.com/NewTallyExpoConsumo.php?id=29818
2026-08-06,45494,CSNU-677159-8,Laharrague Chodorge ...,6509156450,*******             ,Arribado,http://dassaweb.mqbic.com/NewTallyExpoConsumo.php?id=29819
2026-06-18,44450,,Adp Trading Srl,26001EC01041259J,                    ,Arribado,http://dassaweb.mqbic.com/NewTallyExpoConsumo.php?id=6052
2026-06-26,44640,,Adp Trading Srl,26001EC01043420B,                    ,Arribado,http://dassaweb.mqbic.com/NewTallyExpoConsumo.php?id=6052
2026-08-28,46173,,Adp Trading Srl,26001EC01058712L,                    ,Arribado,http://dassaweb.mqbic.com/NewTallyExpoConsumo.php?id=6052
2026-04-08,43062,TCNU-226428-7,Seaside Logistic Sa,340600011380,*************       ,Arribado,http://dassaweb.mqbic.com/NewTallyExpoConsumo.php?id=29104
2026-04-08,43063,EITU-923029-2,Seaside Logistic Sa,340600011380,**********          ,Arribado,http://dassaweb.mqbic.com/NewTallyExpoConsumo.php?id=29105
2026-05-04,43474,TCKU-238747-7,Seaside Logistic Sa,269808756,***********         ,Arribado,http://dassaweb.mqbic.com/NewTallyExpoConsumo.php?id=29238
2026-06-30,44676,UETU-215955-0,Seaside Logistic Sa,COSU6506377470,**************      ,Arribado,http://dassaweb.mqbic.com/NewTallyExpoConsumo.php?id=29573
2026-08-27,46141,CXDU-124432-1,Seaside Logistic Sa,BUA0379015,k1236237            ,Arribado,http://dassaweb.mqbic.com/NewTallyExpoConsumo.php?id=30018
2026-06-18,44461,,Dsi Underground Sa,26001EC01040348H,                    ,Arribado,http://dassaweb.mqbic.com/NewTallyExpoConsumo.php?id=6052
2026-07-03,44743,,Dsi Underground Sa,26001EC01043620D,                    ,Arribado,http://dassaweb.mqbic.com/NewTallyExpoConsumo.php?id=6052
2026-08-03,45417,CMAU-353277-9,Forestal Bosques Del...,BUA0375810,k1230985            ,Arribado,http://dassaweb.mqbic.com/NewTallyExpoConsumo.php?id=29799
2026-08-26,46116,CMAU-950428-6,Forestal Bosques Del...,BUA0377523,K1235728            ,Arribado,http://dassaweb.mqbic.com/NewTallyExpoConsumo.php?id=30036
2026-08-28,46117,CMAU-461251-8,Forestal Bosques Del...,BUA0377523,K1235542            ,Arribado,http://dassaweb.mqbic.com/NewTallyExpoConsumo.php?id=30039
2026-06-04,44170,OOLU-040856-1,Don Satur Srl,COSU6502379820,**************      ,Arribado,http://dassaweb.mqbic.com/NewTallyExpoConsumo.php?id=29407
2026-03-17,42769,HMMU-415683-5,Curtiembre Infante S...,BUEA83381800,**************      ,Arribado,http://dassaweb.mqbic.com/NewTallyExpoConsumo.php?id=29050
2026-03-17,42770,KOCU-427604-0,Curtiembre Infante S...,BUEA83381800,************        ,Arribado,http://dassaweb.mqbic.com/NewTallyExpoConsumo.php?id=29051
2026-03-17,42771,HMMU-628208-8,Curtiembre Infante S...,BUEA83381800,*************       ,Arribado,http://dassaweb.mqbic.com/NewTallyExpoConsumo.php?id=29057
2026-07-29,45301,MRSU-617079-9,Curtiembre Infante S...,274833579,**********          ,Arribado,http://dassaweb.mqbic.com/NewTallyExpoConsumo.php?id=29753
2026-08-27,46170,TCKU-771553-7,Curtiembre Infante S...,274992164,**********          ,Arribado,http://dassaweb.mqbic.com/NewTallyExpoConsumo.php?id=30020
2026-08-27,46171,CAAU-827660-6,Curtiembre Infante S...,274992164,*****               ,Arribado,http://dassaweb.mqbic.com/NewTallyExpoConsumo.php?id=30021
2026-07-17,45065,PIDU-443130-7,Curtiembre Infante S...,BUE600149700,**********          ,Arribado,http://dassaweb.mqbic.com/NewTallyExpoConsumo.php?id=29688
2026-07-29,45299,MRSU-550984-6,Curtiembre Infante S...,274833579,****************    ,Arribado,http://dassaweb.mqbic.com/NewTallyExpoConsumo.php?id=29754
2026-07-13,44870,HMMU-704863-9,Curtiembre Infante S...,BUEA37468300,*******             ,Arribado,http://dassaweb.mqbic.com/NewTallyExpoConsumo.php?id=29615
2026-07-13,44871,DFSU-694677-1,Curtiembre Infante S...,BUEA37468300,**********          ,Arribado,http://dassaweb.mqbic.com/NewTallyExpoConsumo.php?id=29616
2026-06-17,44405,KOCU-482873-0,Curtiembre Infante S...,BUEA38590700,***********         ,Arribado,http://dassaweb.mqbic.com/NewTallyExpoConsumo.php?id=29497
2026-06-17,44406,KOCU-447368-8,Curtiembre Infante S...,BUEA38590700,***********         ,Arribado,http://dassaweb.mqbic.com/NewTallyExpoConsumo.php?id=29498
2026-07-01,44698,MRSU-905366-7,Curtiembre Infante S...,270440876,************        ,Arribado,http://dassaweb.mqbic.com/NewTallyExpoConsumo.php?id=29574
2026-07-01,44699,MRKU-434297-8,Curtiembre Infante S...,270440876,************        ,Arribado,http://dassaweb.mqbic.com/NewTallyExpoConsumo.php?id=29575
2026-06-05,44196,KOCU-495972-5,Curtiembre Infante S...,BUEA11865100,*************       ,Arribado,http://dassaweb.mqbic.com/NewTallyExpoConsumo.php?id=29417
2026-06-05,44197,SEGU-569687-9,Curtiembre Infante S...,BUEA11865100,******************  ,Arribado,http://dassaweb.mqbic.com/NewTallyExpoConsumo.php?id=29418
2026-05-18,43808,HMMU-494745-6,Curtiembre Infante S...,BUEA27662700,**************      ,Arribado,http://dassaweb.mqbic.com/NewTallyExpoConsumo.php?id=29307
2026-05-18,43809,CAIU-483745-0,Curtiembre Infante S...,BUEA27662700,**************      ,Arribado,http://dassaweb.mqbic.com/NewTallyExpoConsumo.php?id=29308
2026-05-26,43957,HMMU-630242-0,Curtiembre Infante S...,BUEA54307100,************        ,Arribado,http://dassaweb.mqbic.com/NewTallyExpoConsumo.php?id=29352
2026-05-26,43958,CAIU-996145-9,Curtiembre Infante S...,BUEA54307100,***********         ,Arribado,http://dassaweb.mqbic.com/NewTallyExpoConsumo.php?id=29353
2026-05-07,43621,MRSU-672258-4,Curtiembre Infante S...,268814346,********            ,Arribado,http://dassaweb.mqbic.com/NewTallyExpoConsumo.php?id=29260
2026-05-12,43709,HMMU-655844-8,Curtiembre Infante S...,BUEA49450100,**************      ,Arribado,http://dassaweb.mqbic.com/NewTallyExpoConsumo.php?id=29268
2026-05-12,43710,KOCU-467534-9,Curtiembre Infante S...,BUEA49450100,************        ,Arribado,http://dassaweb.mqbic.com/NewTallyExpoConsumo.php?id=29269
2026-04-21,43292,KOCU-508100-1,Curtiembre Infante S...,BUEA27600300,*********           ,Arribado,http://dassaweb.mqbic.com/NewTallyExpoConsumo.php?id=29168
2026-04-21,43293,KOCU-433149-3,Curtiembre Infante S...,BUEA27600300,************        ,Arribado,http://dassaweb.mqbic.com/NewTallyExpoConsumo.php?id=29169
2026-04-30,43503,HMMU-657693-0,Curtiembre Infante S...,BUEA29678800,***********         ,Arribado,http://dassaweb.mqbic.com/NewTallyExpoConsumo.php?id=29208
2026-04-30,43504,KOCU-501506-2,Curtiembre Infante S...,BUEA29678800,**********          ,Arribado,http://dassaweb.mqbic.com/NewTallyExpoConsumo.php?id=29209
2026-03-25,42816,FFAU-208863-1,Curtiembre Infante S...,340600009695,************        ,Arribado,http://dassaweb.mqbic.com/NewTallyExpoConsumo.php?id=29064
2026-03-25,42817,GAOU-646653-2,Curtiembre Infante S...,340600009695,*****************   ,Arribado,http://dassaweb.mqbic.com/NewTallyExpoConsumo.php?id=29065
2026-08-05,45421,HAMU-361018-8,Sandrin Paola Karina,96939275,*******             ,Arribado,http://dassaweb.mqbic.com/NewTallyExpoConsumo.php?id=29790
2026-08-11,45625,BMOU-663746-7,Sandrin Paola Karina,37364026,*****               ,Arribado,http://dassaweb.mqbic.com/NewTallyExpoConsumo.php?id=29868
2026-08-25,46050,CAIU-977000-4,Sandrin Paola Karina,42425242,*************       ,Arribado,http://dassaweb.mqbic.com/NewTallyExpoConsumo.php?id=29993
2026-09-01,46301,FANU-152496-6,Sandrin Paola Karina,42018489,*****               ,Arribado,
2026-08-19,45879,,Sandrin Paola Karina,BUA0376178,                    ,Pendiente,http://dassaweb.mqbic.com/NewTallyExpoConsumo.php?id=6052
2026-08-19,45880,,Sandrin Paola Karina,BUA0376178,                    ,Pendiente,http://dassaweb.mqbic.com/NewTallyExpoConsumo.php?id=6052
2026-08-19,45881,,Sandrin Paola Karina,BUA0376178,                    ,Pendiente,http://dassaweb.mqbic.com/NewTallyExpoConsumo.php?id=6052
2026-08-25,46048,BEAU-459583-5,Sandrin Paola Karina,42425242,*********           ,Arribado,http://dassaweb.mqbic.com/NewTallyExpoConsumo.php?id=29991
2026-08-25,46049,FDCU-014459-0,Sandrin Paola Karina,42425242,********            ,Arribado,http://dassaweb.mqbic.com/NewTallyExpoConsumo.php?id=29992
2026-07-28,45231,TLLU-471949-4,Pro Forestal S.R.L,BUA0374855,K1229789            ,Arribado,http://dassaweb.mqbic.com/NewTallyExpoConsumo.php?id=29782
2026-06-26,44606,TRHU-603507-1,Conextube Sa,BUA0371769,K1225507            ,Arribado,http://dassaweb.mqbic.com/NewTallyExpoConsumo.php?id=29562
2026-06-26,44607,FFAU-421862-6,Conextube Sa,BUA0371769,K1225530            ,Arribado,http://dassaweb.mqbic.com/NewTallyExpoConsumo.php?id=29563
2026-08-07,45509,TCKU-622807-2,Conextube Sa,BUA0376544,K1229212            ,Arribado,http://dassaweb.mqbic.com/NewTallyExpoConsumo.php?id=29825
2026-08-12,45534,HLBU-225497-1,Conextube Sa,96373497,******              ,Arribado,http://dassaweb.mqbic.com/NewTallyExpoConsumo.php?id=29840
2026-08-12,45535,GCXU-592493-0,Conextube Sa,96373497,*****               ,Arribado,http://dassaweb.mqbic.com/NewTallyExpoConsumo.php?id=29841
2026-07-29,45259,ONEU-274534-4,American Transport S...,BUEG10240800,***********         ,Arribado,http://dassaweb.mqbic.com/NewTallyExpoConsumo.php?id=29756
2026-08-11,45438,CAXU-556266-3,Inter American Cargo...,274672702,***********         ,Arribado,http://dassaweb.mqbic.com/NewTallyExpoConsumo.php?id=29826
2026-08-10,45563,,Inter American Cargo...,274890053,                    ,Pendiente,http://dassaweb.mqbic.com/NewTallyExpoConsumo.php?id=6052
2026-08-18,45780,MAEU-348784-1,Inter American Cargo...,274890053,******              ,Arribado,http://dassaweb.mqbic.com/NewTallyExpoConsumo.php?id=29923
2026-08-21,45968,MAEU-345483-2,Inter American Cargo...,274890238,*****               ,Arribado,http://dassaweb.mqbic.com/NewTallyExpoConsumo.php?id=29950
2026-08-27,46133,MAEU-352316-8,Inter American Cargo...,274890399,******              ,Arribado,http://dassaweb.mqbic.com/NewTallyExpoConsumo.php?id=30037
2026-09-03,46356,CAXU-579018-0,Inter American Cargo...,274890611,*****               ,Arribado,
2026-06-29,44653,TEMU-148265-9,Americana Shipping G...,23421391,**********          ,Arribado,http://dassaweb.mqbic.com/NewTallyExpoConsumo.php?id=29576
2026-07-03,44731,CAAU-839583-7,Americana Shipping G...,272488194,*********           ,Arribado,http://dassaweb.mqbic.com/NewTallyExpoConsumo.php?id=29586
2026-03-17,42774,TGBU-220242-8,Litoral Citrus S A,17786254,***********         ,Arribado,http://dassaweb.mqbic.com/NewTallyExpoConsumo.php?id=29035
2026-05-07,43635,FTAU-195501-5,Litoral Citrus S A,EBKG16789113,FX32992310          ,Arribado,http://dassaweb.mqbic.com/NewTallyExpoConsumo.php?id=29257
2026-05-18,43810,OOLU-229917-7,Litoral Citrus S A,COSU6501375440,**************      ,Arribado,http://dassaweb.mqbic.com/NewTallyExpoConsumo.php?id=29305
2026-08-31,46242,TGBU-613147-2,Litoral Citrus S A,16564944,*****               ,Arribado,
2026-03-16,42657,TGBU-682835-9,Hdv Leather S.R.L.,266469585,**********          ,Arribado,http://dassaweb.mqbic.com/NewTallyExpoConsumo.php?id=29025
2026-03-16,42658,MRKU-516468-0,Hdv Leather S.R.L.,266469585,***********         ,Arribado,http://dassaweb.mqbic.com/NewTallyExpoConsumo.php?id=29027
2026-03-16,42659,MRSU-374755-2,Hdv Leather S.R.L.,266469585,**********          ,Arribado,http://dassaweb.mqbic.com/NewTallyExpoConsumo.php?id=29028
2026-03-16,42660,FFAU-228705-8,Hdv Leather S.R.L.,266469563,************        ,Arribado,http://dassaweb.mqbic.com/NewTallyExpoConsumo.php?id=29026
2026-03-16,42661,TRHU-793790-7,Hdv Leather S.R.L.,266469563,***********         ,Arribado,http://dassaweb.mqbic.com/NewTallyExpoConsumo.php?id=29029
2026-04-06,43006,MRKU-446060-4,Hdv Leather S.R.L.,267535887,**************      ,Arribado,http://dassaweb.mqbic.com/NewTallyExpoConsumo.php?id=29101
2026-04-06,43007,CAAU-763460-2,Hdv Leather S.R.L.,267535925,**********          ,Arribado,http://dassaweb.mqbic.com/NewTallyExpoConsumo.php?id=29098
2026-04-06,43008,TCLU-154118-4,Hdv Leather S.R.L.,267535925,***********         ,Arribado,http://dassaweb.mqbic.com/NewTallyExpoConsumo.php?id=29099
2026-04-06,43004,MIEU-202906-0,Hdv Leather S.R.L.,267535887,***********         ,Arribado,http://dassaweb.mqbic.com/NewTallyExpoConsumo.php?id=29097
2026-04-06,43005,MRKU-258330-1,Hdv Leather S.R.L.,267535887,***************     ,Arribado,http://dassaweb.mqbic.com/NewTallyExpoConsumo.php?id=29100
2026-05-07,43583,TGBU-263695-4,Alami Flejes De Prec...,ZIMUBUE9049622,*************       ,Arribado,http://dassaweb.mqbic.com/NewTallyExpoConsumo.php?id=29249
2026-03-17,42721,BEAU-538190-4,Ecomet Srl,BUEG02390800,K1274664            ,Arribado,http://dassaweb.mqbic.com/NewTallyExpoConsumo.php?id=29054
2026-07-20,45071,BSIU-821369-5,Ecomet Srl,32874407,************        ,Arribado,http://dassaweb.mqbic.com/NewTallyExpoConsumo.php?id=29722
2026-07-27,45196,MRSU-555071-0,Ecomet Srl,274713151,*******             ,Arribado,http://dassaweb.mqbic.com/NewTallyExpoConsumo.php?id=29757
2026-07-27,45197,GCXU-570866-0,Ecomet Srl,274713151,***********         ,Arribado,http://dassaweb.mqbic.com/NewTallyExpoConsumo.php?id=29758
2026-07-13,44908,MRKU-287933-5,Ecomet Srl,273962520,********            ,Arribado,http://dassaweb.mqbic.com/NewTallyExpoConsumo.php?id=29640
2026-07-13,44909,SUDU-861151-4,Ecomet Srl,273962520,***********         ,Arribado,http://dassaweb.mqbic.com/NewTallyExpoConsumo.php?id=29639
2026-07-13,44910,MRSU-522716-4,Ecomet Srl,273962520,**********          ,Arribado,http://dassaweb.mqbic.com/NewTallyExpoConsumo.php?id=29641
2026-07-13,44911,MRSU-490216-5,Ecomet Srl,273962520,      ************  ,Arribado,http://dassaweb.mqbic.com/NewTallyExpoConsumo.php?id=29642
2026-07-20,45070,HAMU-371684-2,Ecomet Srl,32874407,********            ,Arribado,http://dassaweb.mqbic.com/NewTallyExpoConsumo.php?id=29721
2026-07-02,44709,SEKU-624902-0,Ecomet Srl,45361741,**********          ,Arribado,http://dassaweb.mqbic.com/NewTallyExpoConsumo.php?id=29580
2026-07-02,44710,HLBU-267081-3,Ecomet Srl,45361741,     ************   ,Arribado,http://dassaweb.mqbic.com/NewTallyExpoConsumo.php?id=29581
2026-07-02,44711,CAIU-423084-7,Ecomet Srl,45361741,*********           ,Arribado,http://dassaweb.mqbic.com/NewTallyExpoConsumo.php?id=29582
2026-07-29,45276,FCIU-898846-9,Placas Rivadavia S.R...,EBKG17900445,FX45805078          ,Arribado,http://dassaweb.mqbic.com/NewTallyExpoConsumo.php?id=29746
2026-07-29,45277,TGHU-986402-7,Placas Rivadavia S.R...,EBKG17900445,FX45802289          ,Arribado,http://dassaweb.mqbic.com/NewTallyExpoConsumo.php?id=29747
2026-07-29,45278,MSNU-687880-0,Placas Rivadavia S.R...,EBKG17900445,FX45802479          ,Arribado,http://dassaweb.mqbic.com/NewTallyExpoConsumo.php?id=29748
2026-08-19,45706,CMAU-769577-4,Placas Rivadavia S.R...,BUA0375184,*****               ,Arribado,http://dassaweb.mqbic.com/NewTallyExpoConsumo.php?id=29937
2026-08-19,45707,TRHU-857262-9,Placas Rivadavia S.R...,BUA0375184,*********           ,Arribado,http://dassaweb.mqbic.com/NewTallyExpoConsumo.php?id=29938
2026-08-19,45613,SELU-448453-7,Placas Rivadavia S.R...,BUA0375185,*****               ,Arribado,http://dassaweb.mqbic.com/NewTallyExpoConsumo.php?id=29928
2026-08-19,45614,UETU-750804-2,Placas Rivadavia S.R...,BUA0375185,***                 ,Arribado,http://dassaweb.mqbic.com/NewTallyExpoConsumo.php?id=29930
2026-08-19,45615,TRHU-408070-2,Placas Rivadavia S.R...,BUA0375185,***                 ,Arribado,http://dassaweb.mqbic.com/NewTallyExpoConsumo.php?id=29929
2026-08-19,45705,TCKU-756071-2,Placas Rivadavia S.R...,BUA0375184,***                 ,Arribado,http://dassaweb.mqbic.com/NewTallyExpoConsumo.php?id=29939
2026-08-03,45414,CMAU-923458-1,Placas Rivadavia S.R...,BUA0375187,K1224670            ,Arribado,http://dassaweb.mqbic.com/NewTallyExpoConsumo.php?id=29787
2026-08-03,45415,TGBU-673952-3,Placas Rivadavia S.R...,BUA0375187,K1224735            ,Arribado,http://dassaweb.mqbic.com/NewTallyExpoConsumo.php?id=29788
2026-08-03,45412,CAIU-947049-7,Placas Rivadavia S.R...,BUA0375187,K1224611            ,Arribado,http://dassaweb.mqbic.com/NewTallyExpoConsumo.php?id=29786
2026-08-03,45413,FSCU-860864-0,Placas Rivadavia S.R...,BUA0375187,k1224739            ,Arribado,http://dassaweb.mqbic.com/NewTallyExpoConsumo.php?id=29789
2026-09-03,46352,HLBU-127437-7,Cristacol S. A.,97277046,******              ,Arribado,
2026-09-03,46353,HLBU-106175-1,Cristacol S. A.,97277046,*****               ,Arribado,
2026-03-10,42536,TGCU-207881-4,Smart Trading S.A.S,ZIMUBUE9048101,***********         ,Arribado,http://dassaweb.mqbic.com/NewTallyExpoConsumo.php?id=28972
2026-03-10,42537,FCIU-413895-5,Smart Trading S.A.S,ZIMUBUE9048101,***********         ,Arribado,http://dassaweb.mqbic.com/NewTallyExpoConsumo.php?id=28973
2026-03-10,42538,ZIMU-306883-1,Smart Trading S.A.S,ZIMUBUE9048101,***********         ,Arribado,http://dassaweb.mqbic.com/NewTallyExpoConsumo.php?id=28974
2026-03-10,42539,SEGU-260076-5,Smart Trading S.A.S,ZIMUBUE9048101,***********         ,Arribado,http://dassaweb.mqbic.com/NewTallyExpoConsumo.php?id=28975
2026-03-10,42540,JXJU-322341-3,Smart Trading S.A.S,ZIMUBUE9048101,************        ,Arribado,http://dassaweb.mqbic.com/NewTallyExpoConsumo.php?id=28976
2026-03-10,42541,BHCU-319538-4,Smart Trading S.A.S,ZIMUBUE9048101,***********         ,Arribado,http://dassaweb.mqbic.com/NewTallyExpoConsumo.php?id=28977
2026-06-10,44307,TTNU-111820-7,Smart Trading S.A.S,269510355,********************,Arribado,http://dassaweb.mqbic.com/NewTallyExpoConsumo.php?id=29479
2026-06-10,44308,SUDU-197777-5,Smart Trading S.A.S,269510355,************        ,Arribado,http://dassaweb.mqbic.com/NewTallyExpoConsumo.php?id=29480
2026-05-29,44066,MRKU-905369-0,Smart Trading S.A.S,271287269,************        ,Arribado,http://dassaweb.mqbic.com/NewTallyExpoConsumo.php?id=29380
2026-05-29,44067,TCLU-069708-5,Smart Trading S.A.S,271287269,********            ,Arribado,http://dassaweb.mqbic.com/NewTallyExpoConsumo.php?id=29381
2026-05-29,44068,MRKU-831522-4,Smart Trading S.A.S,271287269,**********          ,Arribado,http://dassaweb.mqbic.com/NewTallyExpoConsumo.php?id=29382
2026-05-29,44069,MRKU-849245-1,Smart Trading S.A.S,271287269,************        ,Arribado,http://dassaweb.mqbic.com/NewTallyExpoConsumo.php?id=29383
2026-06-10,44305,MRKU-754939-9,Smart Trading S.A.S,269510355,************        ,Arribado,http://dassaweb.mqbic.com/NewTallyExpoConsumo.php?id=29477
2026-06-10,44306,MRKU-966486-9,Smart Trading S.A.S,269510355,*************       ,Arribado,http://dassaweb.mqbic.com/NewTallyExpoConsumo.php?id=29478
2026-05-04,43555,OOLU-057909-7,Smart Trading S.A.S,COSU6451273070,***********         ,Arribado,http://dassaweb.mqbic.com/NewTallyExpoConsumo.php?id=29235
2026-05-04,43556,CSLU-208847-8,Smart Trading S.A.S,COSU6451273070,********            ,Arribado,http://dassaweb.mqbic.com/NewTallyExpoConsumo.php?id=29236
2026-05-29,44065,MRKU-497395-2,Smart Trading S.A.S,271339918,***********         ,Arribado,http://dassaweb.mqbic.com/NewTallyExpoConsumo.php?id=29390
2026-05-04,43553,FTAU-232710-0,Smart Trading S.A.S,COSU6451273070,*********           ,Arribado,http://dassaweb.mqbic.com/NewTallyExpoConsumo.php?id=29233
2026-05-04,43554,TCLU-389155-6,Smart Trading S.A.S,COSU6451273070,***********         ,Arribado,http://dassaweb.mqbic.com/NewTallyExpoConsumo.php?id=29234
2026-03-27,42937,BMOU-215775-2,Jet Cargo S.A.,EBKGQ001D85C,FX32950136          ,Arribado,http://dassaweb.mqbic.com/NewTallyExpoConsumo.php?id=29073
2026-07-28,45304,,Ipa Argentina S A,26001EC03008246K,                    ,Arribado,http://dassaweb.mqbic.com/NewTallyExpoConsumo.php?id=6052
2026-04-17,43221,MRKU-060141-1,Boratex Srl,269320388,*************       ,Arribado,http://dassaweb.mqbic.com/NewTallyExpoConsumo.php?id=29160
2026-04-20,43287,MRKU-104852-7,Boratex Srl,269320448,****************    ,Arribado,http://dassaweb.mqbic.com/NewTallyExpoConsumo.php?id=29161
2026-08-07,45507,UACU-856350-1,Microclar Argentina ...,97899337,*****               ,Arribado,http://dassaweb.mqbic.com/NewTallyExpoConsumo.php?id=29823
2026-06-22,44474,FCIU-729934-1,Lasfor Srl,BUA0370562,K1275396            ,Arribado,http://dassaweb.mqbic.com/NewTallyExpoConsumo.php?id=29510
2026-03-16,42679,MSBU-310628-3,Haciendo Historia Sr...,EBKG16159490,FX32963305          ,Arribado,http://dassaweb.mqbic.com/NewTallyExpoConsumo.php?id=28996
2026-03-16,42680,AXIU-145322-4,Haciendo Historia Sr...,EBKG16159490,FX32963321          ,Arribado,http://dassaweb.mqbic.com/NewTallyExpoConsumo.php?id=28997
2026-07-17,45066,MSDU-468081-6,Gleba S A,EBKG17618723,FX45804873          ,Arribado,http://dassaweb.mqbic.com/NewTallyExpoConsumo.php?id=29667
2026-08-12,45696,MSDU-758326-0,Delicia Maderas,EBKG18110831,FX45812704          ,Arribado,http://dassaweb.mqbic.com/NewTallyExpoConsumo.php?id=29888
2026-07-21,45104,ZIMU-308548-5,Sam&Co S.R.L,ZIMUBUE9051528,************        ,Arribado,http://dassaweb.mqbic.com/NewTallyExpoConsumo.php?id=29699
2026-08-24,46070,TLLU-240726-5,Sam&Co S.R.L,275114402,**********          ,Arribado,http://dassaweb.mqbic.com/NewTallyExpoConsumo.php?id=29976
2026-07-23,45166,MRKU-867574-5,Indelval S A I Y C,272682510,***********         ,Arribado,http://dassaweb.mqbic.com/NewTallyExpoConsumo.php?id=29724
2026-07-31,45341,MSDU-186767-6,Indelval S A I Y C,153IAR0658819,FX45805180          ,Arribado,http://dassaweb.mqbic.com/NewTallyExpoConsumo.php?id=29769
2026-03-19,42797,MSNU-548093-6,Oblan Sa,EBKG16072866,FX32992922          ,Arribado,http://dassaweb.mqbic.com/NewTallyExpoConsumo.php?id=29056
2026-03-09,42548,FANU-118299-2,Sohcum S.A.,25885848,************        ,Arribado,http://dassaweb.mqbic.com/NewTallyExpoConsumo.php?id=28964
2026-03-09,42549,HLXU-805007-8,Sohcum S.A.,25885848,*************       ,Arribado,http://dassaweb.mqbic.com/NewTallyExpoConsumo.php?id=28965
2026-05-08,43648,FFAU-489134-4,Sohcum S.A.,BUA0366879,K1276670            ,Arribado,http://dassaweb.mqbic.com/NewTallyExpoConsumo.php?id=29262
2026-05-26,43949,CMAU-794676-1,Sohcum S.A.,CUR0271008,K1279472            ,Arribado,http://dassaweb.mqbic.com/NewTallyExpoConsumo.php?id=29348
2026-08-19,45778,TGHU-606563-9,Sohcum S.A.,BUA0377056,K1234517            ,Arribado,http://dassaweb.mqbic.com/NewTallyExpoConsumo.php?id=29926
2026-07-21,45105,ECMU-762042-2,Sohcum S.A.,BUA0373485,************        ,Arribado,http://dassaweb.mqbic.com/NewTallyExpoConsumo.php?id=29703
2026-07-21,45106,FSCU-821060-9,Sohcum S.A.,BUA0373485,*********           ,Arribado,http://dassaweb.mqbic.com/NewTallyExpoConsumo.php?id=29704
2026-04-01,43001,,Imsathermis S.A,26001EC01020947K,                    ,Arribado,http://dassaweb.mqbic.com/NewTallyExpoConsumo.php?id=6052
2026-04-14,43198,,Imsathermis S.A,26001EC01023020S,                    ,Arribado,http://dassaweb.mqbic.com/NewTallyExpoConsumo.php?id=6052
2026-04-16,43259,,Farma Packing Sa,26001EC01024278L,                    ,Arribado,http://dassaweb.mqbic.com/NewTallyExpoConsumo.php?id=6052
2026-04-16,43258,,Artes Graficas Raal ...,26001EC01024409H,                    ,Arribado,http://dassaweb.mqbic.com/NewTallyExpoConsumo.php?id=6052
2026-04-20,43285,MSNU-806108-6,Flint Ink Argentina ...,153IAR0656758,FX33007926          ,Arribado,http://dassaweb.mqbic.com/NewTallyExpoConsumo.php?id=29166
2026-05-02,43492,MRKU-271367-9,Alacor Sa,269694408,                    ,Arribado,http://dassaweb.mqbic.com/NewTallyExpoConsumo.php?id=29240
2026-05-07,43627,MSCU-516396-4,Alacor Sa,EBKG16695016,FX32992430          ,Arribado,http://dassaweb.mqbic.com/NewTallyExpoConsumo.php?id=29259
2026-05-18,43757,FFAU-733177-0,Alacor Sa,269819633,*************       ,Arribado,http://dassaweb.mqbic.com/NewTallyExpoConsumo.php?id=29297
2026-07-13,44867,TCKU-718872-9,Alacor Sa,272820867,*************       ,Arribado,http://dassaweb.mqbic.com/NewTallyExpoConsumo.php?id=29629
2026-07-16,45001,UETU-279471-9,Alacor Sa,93823716,*************       ,Arribado,http://dassaweb.mqbic.com/NewTallyExpoConsumo.php?id=29669
2026-09-04,46359,,Alacor Sa,EBKG18379175,                    ,Pendiente,http://dassaweb.mqbic.com/NewTallyExpoConsumo.php?id=6052
2026-06-17,44447,MRSU-623404-4,Alacor Sa,271673908,******************* ,Arribado,http://dassaweb.mqbic.com/NewTallyExpoConsumo.php?id=29496
2026-06-25,44578,TEMU-699576-2,Alacor Sa,EBKG17209191,FX33005325          ,Arribado,http://dassaweb.mqbic.com/NewTallyExpoConsumo.php?id=29530
2026-07-08,44861,,Alacor Sa,26001EC01045943N,                    ,Arribado,http://dassaweb.mqbic.com/NewTallyExpoConsumo.php?id=6052
2026-05-16,43793,MSBU-532861-2,Alacor Sa,EBKG16695032,FX3300889           ,Arribado,http://dassaweb.mqbic.com/NewTallyExpoConsumo.php?id=29293
2026-05-23,43896,MRKU-402357-0,Alacor Sa,269819548,*********           ,Arribado,http://dassaweb.mqbic.com/NewTallyExpoConsumo.php?id=29340
2026-06-02,44128,FCIU-628268-4,Alacor Sa,41011535,**********          ,Arribado,http://dassaweb.mqbic.com/NewTallyExpoConsumo.php?id=29397
2026-05-08,43653,,Ciroco Srl,26001EC01029162X,                    ,Arribado,http://dassaweb.mqbic.com/NewTallyExpoConsumo.php?id=6052
2026-05-21,43910,SZZU-252060-5,Powergen Solutions S...,26816072,***********         ,Arribado,http://dassaweb.mqbic.com/NewTallyExpoConsumo.php?id=29334
2026-05-21,43911,SZZU-252059-1,Powergen Solutions S...,26816072,*************       ,Arribado,http://dassaweb.mqbic.com/NewTallyExpoConsumo.php?id=29335
2026-05-21,43912,SZZU-252064-7,Powergen Solutions S...,26816072,************        ,Arribado,http://dassaweb.mqbic.com/NewTallyExpoConsumo.php?id=29336
2026-05-21,43913,SZZU-252052-3,Powergen Solutions S...,26816072,************        ,Arribado,http://dassaweb.mqbic.com/NewTallyExpoConsumo.php?id=29337
2026-05-21,43914,SZZU-252056-5,Powergen Solutions S...,26816072,*********           ,Arribado,http://dassaweb.mqbic.com/NewTallyExpoConsumo.php?id=29338
2026-05-21,43915,SZZU-252065-2,Powergen Solutions S...,26816072,************        ,Arribado,http://dassaweb.mqbic.com/NewTallyExpoConsumo.php?id=29339
2026-05-21,43904,SZZU-252055-0,Powergen Solutions S...,26816072,******              ,Arribado,http://dassaweb.mqbic.com/NewTallyExpoConsumo.php?id=29328
2026-05-21,43905,SZZU-252062-6,Powergen Solutions S...,26816072,*******             ,Arribado,http://dassaweb.mqbic.com/NewTallyExpoConsumo.php?id=29329
2026-05-21,43906,SZZU-252061-0,Powergen Solutions S...,26816072,**********          ,Arribado,http://dassaweb.mqbic.com/NewTallyExpoConsumo.php?id=29330
2026-05-21,43907,SZZU-252053-9,Powergen Solutions S...,26816072,**********          ,Arribado,http://dassaweb.mqbic.com/NewTallyExpoConsumo.php?id=29331
2026-05-21,43908,SZZU-252057-0,Powergen Solutions S...,26816072,***                 ,Arribado,http://dassaweb.mqbic.com/NewTallyExpoConsumo.php?id=29332
2026-05-21,43909,SZZU-252058-6,Powergen Solutions S...,26816072,************        ,Arribado,http://dassaweb.mqbic.com/NewTallyExpoConsumo.php?id=29333
2026-07-21,45102,CAIU-379588-0,Agrofresh Argentina ...,28995808,**********          ,Arribado,http://dassaweb.mqbic.com/NewTallyExpoConsumo.php?id=29700
2026-06-05,44204,BMOU-153520-4,Coop. Apicola Del Pa...,BUEG04966500,*********           ,Arribado,http://dassaweb.mqbic.com/NewTallyExpoConsumo.php?id=29415
2026-06-05,44205,TRHU-335921-0,Coop. Apicola Del Pa...,BUEG04966500,*********           ,Arribado,http://dassaweb.mqbic.com/NewTallyExpoConsumo.php?id=29416
2026-06-08,44230,ZCSU-757233-2,Paramerica S.A.,ZIMUBUE9050645,***********         ,Arribado,http://dassaweb.mqbic.com/NewTallyExpoConsumo.php?id=29420
2026-06-08,44231,ZCSU-711522-8,Paramerica S.A.,ZIMUBUE9050645,******              ,Arribado,http://dassaweb.mqbic.com/NewTallyExpoConsumo.php?id=29421
2026-06-08,44232,ZCSU-666069-7,Paramerica S.A.,ZIMUBUE9050645,************        ,Arribado,http://dassaweb.mqbic.com/NewTallyExpoConsumo.php?id=29422
2026-06-08,44233,TGBU-726088-0,Paramerica S.A.,ZIMUBUE9050645,*********           ,Arribado,http://dassaweb.mqbic.com/NewTallyExpoConsumo.php?id=29423
2026-06-08,44234,ZCSU-755585-0,Paramerica S.A.,ZIMUBUE9050645,***********         ,Arribado,http://dassaweb.mqbic.com/NewTallyExpoConsumo.php?id=29424
2026-09-03,46335,MSKU-571924-5,Paramerica S.A.,276263641,*****               ,Arribado,
2026-09-03,46336,SUDU-765399-0,Paramerica S.A.,276263641,*****               ,Arribado,
2026-09-03,46332,MRSU-015133-8,Paramerica S.A.,276263641,******              ,Arribado,
2026-09-03,46333,MSKU-776985-7,Paramerica S.A.,276263641,*****               ,Arribado,
2026-09-03,46334,MRKU-682538-4,Paramerica S.A.,276263641,*****               ,Arribado,
2026-08-28,46201,MSNU-368490-4,Paramerica S.A.,EBKG18238572,FX45806110          ,Arribado,http://dassaweb.mqbic.com/NewTallyExpoConsumo.php?id=30043
2026-08-28,46202,MSDU-286531-7,Paramerica S.A.,EBKG18238572,FX45806073          ,Arribado,http://dassaweb.mqbic.com/NewTallyExpoConsumo.php?id=30044
2026-08-27,46095,GCXU-258966-0,Paramerica S.A.,BUEG11373900,*********           ,Arribado,http://dassaweb.mqbic.com/NewTallyExpoConsumo.php?id=30032
2026-08-28,46096,ONEU-227594-0,Paramerica S.A.,BUEG11373900,*********           ,Arribado,http://dassaweb.mqbic.com/NewTallyExpoConsumo.php?id=30040
2026-08-28,46185,MRSU-251703-0,Paramerica S.A.,276137495,******              ,Arribado,
2026-08-28,46186,MRSU-284791-6,Paramerica S.A.,276137495,*****               ,Arribado,
2026-08-28,46200,TGBU-389468-1,Paramerica S.A.,EBKG18238572,FX45806101          ,Arribado,http://dassaweb.mqbic.com/NewTallyExpoConsumo.php?id=30042
2026-08-26,46089,ONEU-262422-9,Paramerica S.A.,BUEG11373900,*****               ,Arribado,http://dassaweb.mqbic.com/NewTallyExpoConsumo.php?id=30026
2026-08-26,46090,ONEU-234043-3,Paramerica S.A.,BUEG11373900,*****               ,Arribado,http://dassaweb.mqbic.com/NewTallyExpoConsumo.php?id=30027
2026-08-26,46091,GCXU-221055-0,Paramerica S.A.,BUEG11373900,*****               ,Arribado,http://dassaweb.mqbic.com/NewTallyExpoConsumo.php?id=30028
2026-08-26,46092,GCXU-260030-5,Paramerica S.A.,BUEG11373900,****                ,Arribado,http://dassaweb.mqbic.com/NewTallyExpoConsumo.php?id=30029
2026-08-26,46093,TEMU-065435-2,Paramerica S.A.,BUEG11373900,*****               ,Arribado,http://dassaweb.mqbic.com/NewTallyExpoConsumo.php?id=30030
2026-08-27,46094,TRHU-286897-4,Paramerica S.A.,BUEG11373900,********            ,Arribado,http://dassaweb.mqbic.com/NewTallyExpoConsumo.php?id=30031
2026-08-20,45992,BSIU-336408-7,Paramerica S.A.,ZIMUBUE9052531,****                ,Arribado,http://dassaweb.mqbic.com/NewTallyExpoConsumo.php?id=29954
2026-08-20,45993,MBIU-827522-6,Paramerica S.A.,ZIMUBUE9052531,*****               ,Arribado,http://dassaweb.mqbic.com/NewTallyExpoConsumo.php?id=29959
2026-08-20,45994,TCKU-349171-6,Paramerica S.A.,ZIMUBUE9052531,****                ,Arribado,http://dassaweb.mqbic.com/NewTallyExpoConsumo.php?id=29960
2026-08-20,45995,TEMU-163367-3,Paramerica S.A.,ZIMUBUE9052531,*******             ,Arribado,http://dassaweb.mqbic.com/NewTallyExpoConsumo.php?id=29961
2026-08-20,45996,BSIU-275064-0,Paramerica S.A.,ZIMUBUE9052531,****                ,Arribado,http://dassaweb.mqbic.com/NewTallyExpoConsumo.php?id=29955
2026-08-20,45987,TGCU-207714-5,Paramerica S.A.,ZIMUBUE9052531,*****               ,Arribado,http://dassaweb.mqbic.com/NewTallyExpoConsumo.php?id=29953
2026-08-20,45988,TRHU-137501-6,Paramerica S.A.,ZIMUBUE9052531,******              ,Arribado,http://dassaweb.mqbic.com/NewTallyExpoConsumo.php?id=29957
2026-08-20,45989,ZIMU-312189-6,Paramerica S.A.,ZIMUBUE9052531,******              ,Arribado,http://dassaweb.mqbic.com/NewTallyExpoConsumo.php?id=29956
2026-08-20,45990,BHCU-320572-8,Paramerica S.A.,ZIMUBUE9052531,*****               ,Arribado,
2026-08-20,45991,SEGU-218407-7,Paramerica S.A.,ZIMUBUE9052531,**                  ,Arribado,http://dassaweb.mqbic.com/NewTallyExpoConsumo.php?id=29958
2026-08-11,45644,CAIU-704428-1,Paramerica S.A.,BUA0375292,K1229889            ,Arribado,http://dassaweb.mqbic.com/NewTallyExpoConsumo.php?id=29859
2026-08-11,45645,CMAU-849095-3,Paramerica S.A.,BUA0375292,K1225837            ,Arribado,http://dassaweb.mqbic.com/NewTallyExpoConsumo.php?id=29860
2026-08-13,45646,CMAU-450509-0,Paramerica S.A.,BUA0375292,K1228497            ,Arribado,http://dassaweb.mqbic.com/NewTallyExpoConsumo.php?id=29877
2026-08-13,45767,CMAU-666035-1,Paramerica S.A.,BUA0375292,k1228490            ,Arribado,http://dassaweb.mqbic.com/NewTallyExpoConsumo.php?id=29880
2026-08-13,45772,CMAU-855577-7,Paramerica S.A.,BUA0375292,K1225808            ,Arribado,http://dassaweb.mqbic.com/NewTallyExpoConsumo.php?id=29881
2026-08-12,45638,ECMU-961781-3,Paramerica S.A.,BUA0375292,K1225825            ,Arribado,http://dassaweb.mqbic.com/NewTallyExpoConsumo.php?id=29861
2026-08-13,45639,TCNU-109647-1,Paramerica S.A.,BUA0375292,k1225820            ,Arribado,http://dassaweb.mqbic.com/NewTallyExpoConsumo.php?id=29878
2026-08-11,45640,CAIU-704428-1,Paramerica S.A.,BUA0375292,K1229889            ,Arribado,http://dassaweb.mqbic.com/NewTallyExpoConsumo.php?id=29859
2026-08-11,45641,TCNU-767453-5,Paramerica S.A.,BUA0375292,K1225813            ,Arribado,http://dassaweb.mqbic.com/NewTallyExpoConsumo.php?id=29875
2026-08-13,45642,SEKU-557878-3,Paramerica S.A.,BUA0375292,K1225829            ,Arribado,http://dassaweb.mqbic.com/NewTallyExpoConsumo.php?id=29879
2026-08-11,45643,TGBU-529053-0,Paramerica S.A.,BUA0375292,K1225816            ,Arribado,http://dassaweb.mqbic.com/NewTallyExpoConsumo.php?id=29876
2026-08-12,45632,TGHU-632066-8,Paramerica S.A.,BUA0375292,K1225846            ,Arribado,http://dassaweb.mqbic.com/NewTallyExpoConsumo.php?id=29856
2026-08-13,45633,ECMU-961781-3,Paramerica S.A.,BUA0375292,K1225825            ,Arribado,http://dassaweb.mqbic.com/NewTallyExpoConsumo.php?id=29861
2026-08-12,45634,TLLU-853976-2,Paramerica S.A.,BUA0375292,K1225970            ,Arribado,http://dassaweb.mqbic.com/NewTallyExpoConsumo.php?id=29857
2026-08-11,45635,TCNU-112950-7,Paramerica S.A.,BUA0375292,K1225941            ,Arribado,http://dassaweb.mqbic.com/NewTallyExpoConsumo.php?id=29858
2026-08-11,45636,CMAU-593551-5,Paramerica S.A.,BUA0375292,K1225840            ,Arribado,http://dassaweb.mqbic.com/NewTallyExpoConsumo.php?id=29853
2026-08-11,45637,CMAU-661602-4,Paramerica S.A.,BUA0375292,K1225818            ,Arribado,http://dassaweb.mqbic.com/NewTallyExpoConsumo.php?id=29874
2026-08-10,45610,GLDU-522203-8,Paramerica S.A.,ZIMUBUE9052512,******              ,Arribado,http://dassaweb.mqbic.com/NewTallyExpoConsumo.php?id=29886
2026-08-10,45611,TEMU-104654-7,Paramerica S.A.,ZIMUBUE9052512,*******             ,Arribado,http://dassaweb.mqbic.com/NewTallyExpoConsumo.php?id=29887
2026-08-10,45628,BEAU-597658-5,Paramerica S.A.,BUA0375292,K1225828            ,Arribado,http://dassaweb.mqbic.com/NewTallyExpoConsumo.php?id=29873
2026-08-10,45629,CMAU-461472-1,Paramerica S.A.,BUA0375292,K1225847            ,Arribado,http://dassaweb.mqbic.com/NewTallyExpoConsumo.php?id=29852
2026-08-10,45630,CMAU-782562-5,Paramerica S.A.,BUA0375292,K1225822            ,Arribado,http://dassaweb.mqbic.com/NewTallyExpoConsumo.php?id=29854
2026-08-10,45631,TCNU-684972-6,Paramerica S.A.,BUA0375292,k1225831            ,Arribado,http://dassaweb.mqbic.com/NewTallyExpoConsumo.php?id=29855
2026-08-10,45607,JXJU-330463-9,Paramerica S.A.,ZIMUBUE9052512,******              ,Arribado,http://dassaweb.mqbic.com/NewTallyExpoConsumo.php?id=29885
2026-08-10,45608,CAIU-350605-7,Paramerica S.A.,ZIMUBUE9052512,******              ,Arribado,http://dassaweb.mqbic.com/NewTallyExpoConsumo.php?id=29883
2026-08-10,45609,TEMU-468457-1,Paramerica S.A.,ZIMUBUE9052512,******              ,Arribado,http://dassaweb.mqbic.com/NewTallyExpoConsumo.php?id=29884
2026-08-10,45599,SEGU-260172-0,Paramerica S.A.,ZIMUBUE9052511,********            ,Arribado,http://dassaweb.mqbic.com/NewTallyExpoConsumo.php?id=29862
2026-08-10,45600,ZIMU-309726-0,Paramerica S.A.,ZIMUBUE9052511,*****               ,Arribado,http://dassaweb.mqbic.com/NewTallyExpoConsumo.php?id=29863
2026-08-10,45601,ZIMU-302643-5,Paramerica S.A.,ZIMUBUE9052511,******              ,Arribado,http://dassaweb.mqbic.com/NewTallyExpoConsumo.php?id=29864
2026-07-20,44951,CMAU-746682-3,Paramerica S.A.,BUA0372918,************        ,Arribado,http://dassaweb.mqbic.com/NewTallyExpoConsumo.php?id=29674
2026-07-20,44952,CMAU-936655-1,Paramerica S.A.,BUA0372918,*******             ,Arribado,http://dassaweb.mqbic.com/NewTallyExpoConsumo.php?id=29675
2026-07-20,44953,TGCU-543095-5,Paramerica S.A.,BUA0372918,K1227677            ,Arribado,http://dassaweb.mqbic.com/NewTallyExpoConsumo.php?id=29690
2026-07-20,44954,TLLU-585729-2,Paramerica S.A.,BUA0372918,**********          ,Arribado,http://dassaweb.mqbic.com/NewTallyExpoConsumo.php?id=29691
2026-07-20,44955,BSIU-807413-6,Paramerica S.A.,BUA0372918,************        ,Arribado,http://dassaweb.mqbic.com/NewTallyExpoConsumo.php?id=29676
2026-07-20,44956,FSCU-899835-8,Paramerica S.A.,BUA0372918,***********         ,Arribado,http://dassaweb.mqbic.com/NewTallyExpoConsumo.php?id=29694
2026-07-17,44945,TCKU-619812-6,Paramerica S.A.,BUA0372918,**********          ,Arribado,http://dassaweb.mqbic.com/NewTallyExpoConsumo.php?id=29663
2026-07-17,44946,TLLU-496574-9,Paramerica S.A.,BUA0372918,*************       ,Arribado,http://dassaweb.mqbic.com/NewTallyExpoConsumo.php?id=29664
2026-07-16,44947,CAIU-968129-4,Paramerica S.A.,BUA0372918,***********         ,Arribado,http://dassaweb.mqbic.com/NewTallyExpoConsumo.php?id=29665
2026-07-16,44948,GESU-668181-6,Paramerica S.A.,BUA0372918,************        ,Arribado,http://dassaweb.mqbic.com/NewTallyExpoConsumo.php?id=29666
2026-07-16,44949,CMAU-355081-2,Paramerica S.A.,BUA0372918,**********          ,Arribado,http://dassaweb.mqbic.com/NewTallyExpoConsumo.php?id=29677
2026-07-17,44950,SEGU-607610-5,Paramerica S.A.,BUA0372918,************        ,Arribado,http://dassaweb.mqbic.com/NewTallyExpoConsumo.php?id=29673
2026-07-16,44939,CMAU-939473-8,Paramerica S.A.,BUA0372918,************        ,Arribado,http://dassaweb.mqbic.com/NewTallyExpoConsumo.php?id=29657
2026-07-16,44940,CAAU-570111-0,Paramerica S.A.,BUA0372918,*******             ,Arribado,http://dassaweb.mqbic.com/NewTallyExpoConsumo.php?id=29658
2026-07-16,44941,SEKU-451519-0,Paramerica S.A.,BUA0372918,************        ,Arribado,http://dassaweb.mqbic.com/NewTallyExpoConsumo.php?id=29659
2026-07-16,44942,TLLU-404052-2,Paramerica S.A.,BUA0372918,*********           ,Arribado,http://dassaweb.mqbic.com/NewTallyExpoConsumo.php?id=29660
2026-07-16,44943,TXGU-872257-0,Paramerica S.A.,BUA0372918,**********          ,Arribado,http://dassaweb.mqbic.com/NewTallyExpoConsumo.php?id=29661
2026-07-16,44944,ECMU-753875-7,Paramerica S.A.,BUA0372918,*********           ,Arribado,http://dassaweb.mqbic.com/NewTallyExpoConsumo.php?id=29662
2026-07-16,44938,CMAU-648908-5,Paramerica S.A.,BUA0372918,*************       ,Arribado,http://dassaweb.mqbic.com/NewTallyExpoConsumo.php?id=29656
2026-07-06,44753,CMAU-045706-0,Paramerica S.A.,BUA0371335,K1222902            ,Arribado,http://dassaweb.mqbic.com/NewTallyExpoConsumo.php?id=29595
2026-07-06,44750,TEMU-107319-9,Paramerica S.A.,BUA0371335,K1222909            ,Arribado,http://dassaweb.mqbic.com/NewTallyExpoConsumo.php?id=29592
2026-07-06,44751,GESU-133798-4,Paramerica S.A.,BUA0371335,K1222907            ,Arribado,http://dassaweb.mqbic.com/NewTallyExpoConsumo.php?id=29593
2026-07-06,44752,TEMU-275908-0,Paramerica S.A.,BUA0371335,K1222910            ,Arribado,http://dassaweb.mqbic.com/NewTallyExpoConsumo.php?id=29594
2026-06-25,44596,CMAU-593064-2,Paramerica S.A.,BUA0371350,K1229562            ,Arribado,http://dassaweb.mqbic.com/NewTallyExpoConsumo.php?id=29552
2026-06-25,44597,GESU-686451-9,Paramerica S.A.,BUA0371350,K1225527            ,Arribado,http://dassaweb.mqbic.com/NewTallyExpoConsumo.php?id=29553
2026-06-25,44590,TCLU-526402-5,Paramerica S.A.,BUA0371350,K1229541            ,Arribado,http://dassaweb.mqbic.com/NewTallyExpoConsumo.php?id=29547
2026-06-25,44591,TLLU-463375-0,Paramerica S.A.,BUA0371350,K1229560            ,Arribado,http://dassaweb.mqbic.com/NewTallyExpoConsumo.php?id=29548
2026-06-25,44592,TLLU-811397-2,Paramerica S.A.,BUA0371350,K1229732            ,Arribado,http://dassaweb.mqbic.com/NewTallyExpoConsumo.php?id=29549
2026-06-25,44593,CMAU-450713-2,Paramerica S.A.,BUA0371350,K1229576            ,Arribado,http://dassaweb.mqbic.com/NewTallyExpoConsumo.php?id=29550
2026-06-25,44594,TCKU-716339-8,Paramerica S.A.,BUA0371350,K1229577            ,Arribado,http://dassaweb.mqbic.com/NewTallyExpoConsumo.php?id=29535
2026-06-25,44595,GESU-671544-9,Paramerica S.A.,BUA0371350,K1229561            ,Arribado,http://dassaweb.mqbic.com/NewTallyExpoConsumo.php?id=29551
2026-06-25,44584,FFAU-519022-5,Paramerica S.A.,BUA0371350,K1229716            ,Arribado,http://dassaweb.mqbic.com/NewTallyExpoConsumo.php?id=29541
2026-06-25,44585,CMAU-499074-0,Paramerica S.A.,BUA0371350,K1229567            ,Arribado,http://dassaweb.mqbic.com/NewTallyExpoConsumo.php?id=29542
2026-06-25,44586,UETU-555739-3,Paramerica S.A.,BUA0371350,K1229678            ,Arribado,http://dassaweb.mqbic.com/NewTallyExpoConsumo.php?id=29543
2026-06-25,44587,GESU-646804-0,Paramerica S.A.,BUA0371350,K1229733            ,Arribado,http://dassaweb.mqbic.com/NewTallyExpoConsumo.php?id=29544
2026-06-25,44588,BEAU-477596-6,Paramerica S.A.,BUA0371350,K1229688            ,Arribado,http://dassaweb.mqbic.com/NewTallyExpoConsumo.php?id=29545
2026-06-25,44589,TCNU-536632-2,Paramerica S.A.,BUA0371350,K1229695            ,Arribado,http://dassaweb.mqbic.com/NewTallyExpoConsumo.php?id=29546
2026-06-25,44579,CMAU-362447-4,Paramerica S.A.,BUA0371350,K1229533            ,Arribado,http://dassaweb.mqbic.com/NewTallyExpoConsumo.php?id=29536
2026-06-25,44580,SEGU-532719-2,Paramerica S.A.,BUA0371350,K1229653            ,Arribado,http://dassaweb.mqbic.com/NewTallyExpoConsumo.php?id=29537
2026-06-25,44581,TGHU-636014-6,Paramerica S.A.,BUA0371350,K1229708            ,Arribado,http://dassaweb.mqbic.com/NewTallyExpoConsumo.php?id=29538
2026-06-25,44582,CMAU-446414-9,Paramerica S.A.,BUA0371350,K1229583            ,Arribado,http://dassaweb.mqbic.com/NewTallyExpoConsumo.php?id=29539
2026-06-25,44583,CMAU-389112-5,Paramerica S.A.,BUA0371350,K1229564            ,Arribado,http://dassaweb.mqbic.com/NewTallyExpoConsumo.php?id=29540
2026-06-08,44265,ZCSU-760661-7,Paramerica S.A.,ZIMUBUE9050645,************        ,Arribado,http://dassaweb.mqbic.com/NewTallyExpoConsumo.php?id=29464
2026-06-08,44266,ZCSU-669489-2,Paramerica S.A.,ZIMUBUE9050645,*************       ,Arribado,http://dassaweb.mqbic.com/NewTallyExpoConsumo.php?id=29465
2026-06-08,44259,TCNU-230450-1,Paramerica S.A.,ZIMUBUE9050645,*********           ,Arribado,http://dassaweb.mqbic.com/NewTallyExpoConsumo.php?id=29458
2026-06-08,44260,ZCSU-759501-9,Paramerica S.A.,ZIMUBUE9050645,**************      ,Arribado,http://dassaweb.mqbic.com/NewTallyExpoConsumo.php?id=29459
2026-06-08,44261,ZCSU-853059-0,Paramerica S.A.,ZIMUBUE9050645,*************       ,Arribado,http://dassaweb.mqbic.com/NewTallyExpoConsumo.php?id=29460
2026-06-08,44262,ZCSU-653303-3,Paramerica S.A.,ZIMUBUE9050645,************        ,Arribado,http://dassaweb.mqbic.com/NewTallyExpoConsumo.php?id=29461
2026-06-08,44263,TEMU-762155-6,Paramerica S.A.,ZIMUBUE9050645,************        ,Arribado,http://dassaweb.mqbic.com/NewTallyExpoConsumo.php?id=29462
2026-06-08,44264,ZCSU-752395-5,Paramerica S.A.,ZIMUBUE9050645,**********          ,Arribado,http://dassaweb.mqbic.com/NewTallyExpoConsumo.php?id=29463
2026-06-08,44253,ZCSU-731550-3,Paramerica S.A.,ZIMUBUE9050645,***********         ,Arribado,http://dassaweb.mqbic.com/NewTallyExpoConsumo.php?id=29443
2026-06-08,44254,TEMU-668255-7,Paramerica S.A.,ZIMUBUE9050645,************        ,Arribado,http://dassaweb.mqbic.com/NewTallyExpoConsumo.php?id=29444
2026-06-08,44255,JXLU-615957-7,Paramerica S.A.,ZIMUBUE9050645,*************       ,Arribado,http://dassaweb.mqbic.com/NewTallyExpoConsumo.php?id=29445
2026-06-08,44256,BEAU-517469-8,Paramerica S.A.,ZIMUBUE9050645,************        ,Arribado,http://dassaweb.mqbic.com/NewTallyExpoConsumo.php?id=29446
2026-06-08,44257,JXLU-639155-6,Paramerica S.A.,ZIMUBUE9050645,***********         ,Arribado,http://dassaweb.mqbic.com/NewTallyExpoConsumo.php?id=29447
2026-06-08,44258,ZCSU-709849-7,Paramerica S.A.,ZIMUBUE9050645,**********          ,Arribado,http://dassaweb.mqbic.com/NewTallyExpoConsumo.php?id=29457
2026-06-08,44247,ZCSU-768443-5,Paramerica S.A.,ZIMUBUE9050645,**************      ,Arribado,http://dassaweb.mqbic.com/NewTallyExpoConsumo.php?id=29437
2026-06-08,44248,JXLU-431464-8,Paramerica S.A.,ZIMUBUE9050645,****************    ,Arribado,http://dassaweb.mqbic.com/NewTallyExpoConsumo.php?id=29438
2026-06-08,44249,JXLU-466229-0,Paramerica S.A.,ZIMUBUE9050645,*************       ,Arribado,http://dassaweb.mqbic.com/NewTallyExpoConsumo.php?id=29439
2026-06-08,44250,TGBU-576286-9,Paramerica S.A.,ZIMUBUE9050645,**********          ,Arribado,http://dassaweb.mqbic.com/NewTallyExpoConsumo.php?id=29440
2026-06-08,44251,TRHU-835023-6,Paramerica S.A.,ZIMUBUE9050645,*****               ,Arribado,http://dassaweb.mqbic.com/NewTallyExpoConsumo.php?id=29441
2026-06-08,44252,JXLU-648429-0,Paramerica S.A.,ZIMUBUE9050645,***********         ,Arribado,http://dassaweb.mqbic.com/NewTallyExpoConsumo.php?id=29442
2026-06-08,44241,ZCSU-714776-0,Paramerica S.A.,ZIMUBUE9050645,*************       ,Arribado,http://dassaweb.mqbic.com/NewTallyExpoConsumo.php?id=29431
2026-06-08,44242,ZCSU-725259-7,Paramerica S.A.,ZIMUBUE9050645,***********         ,Arribado,http://dassaweb.mqbic.com/NewTallyExpoConsumo.php?id=29432
2026-06-08,44243,ZCSU-690753-4,Paramerica S.A.,ZIMUBUE9050645,***********         ,Arribado,http://dassaweb.mqbic.com/NewTallyExpoConsumo.php?id=29433
2026-06-08,44244,ZCSU-761089-6,Paramerica S.A.,ZIMUBUE9050645,**********          ,Arribado,http://dassaweb.mqbic.com/NewTallyExpoConsumo.php?id=29434
2026-06-08,44245,ZCSU-692089-7,Paramerica S.A.,ZIMUBUE9050645,**********          ,Arribado,http://dassaweb.mqbic.com/NewTallyExpoConsumo.php?id=29435
2026-06-08,44246,TCNU-247987-6,Paramerica S.A.,ZIMUBUE9050645,***********         ,Arribado,http://dassaweb.mqbic.com/NewTallyExpoConsumo.php?id=29436
2026-06-08,44235,TCNU-456235-7,Paramerica S.A.,ZIMUBUE9050645,**********          ,Arribado,http://dassaweb.mqbic.com/NewTallyExpoConsumo.php?id=29425
2026-06-08,44236,ZCSU-652343-6,Paramerica S.A.,ZIMUBUE9050645,*************       ,Arribado,http://dassaweb.mqbic.com/NewTallyExpoConsumo.php?id=29426
2026-06-08,44237,ZCSU-794570-8,Paramerica S.A.,ZIMUBUE9050645,***********         ,Arribado,http://dassaweb.mqbic.com/NewTallyExpoConsumo.php?id=29427
2026-06-08,44238,ZCSU-774091-9,Paramerica S.A.,ZIMUBUE9050645,**************      ,Arribado,http://dassaweb.mqbic.com/NewTallyExpoConsumo.php?id=29428
2026-06-08,44239,KSSU-100895-3,Paramerica S.A.,ZIMUBUE9050645,*******             ,Arribado,http://dassaweb.mqbic.com/NewTallyExpoConsumo.php?id=29429
2026-06-08,44240,DRYU-961631-9,Paramerica S.A.,ZIMUBUE9050645,***********         ,Arribado,http://dassaweb.mqbic.com/NewTallyExpoConsumo.php?id=29430
2026-07-22,45145,MRKU-986394-2,El Alto Sa,273892059,**********          ,Arribado,http://dassaweb.mqbic.com/NewTallyExpoConsumo.php?id=29713
2026-07-22,45146,MRKU-836921-5,El Alto Sa,273892059,*********           ,Arribado,http://dassaweb.mqbic.com/NewTallyExpoConsumo.php?id=29714
2026-08-21,45986,MRKU-956340-0,El Alto Sa,275604893,***********         ,Arribado,http://dassaweb.mqbic.com/NewTallyExpoConsumo.php?id=30013
2026-09-04,46378,MRKU-629538-7,El Alto Sa,276258202,********            ,Arribado,
2026-08-11,45573,MRKU-792876-7,El Alto Sa,274992075,***********         ,Arribado,http://dassaweb.mqbic.com/NewTallyExpoConsumo.php?id=29827
2026-08-11,45574,TCLU-221492-5,El Alto Sa,274992075,******              ,Arribado,http://dassaweb.mqbic.com/NewTallyExpoConsumo.php?id=29828
2026-08-21,45984,MRKU-716004-6,El Alto Sa,275604893,****                ,Arribado,http://dassaweb.mqbic.com/NewTallyExpoConsumo.php?id=30012
2026-08-21,45985,XINU-156805-9,El Alto Sa,275604893,*****               ,Arribado,http://dassaweb.mqbic.com/NewTallyExpoConsumo.php?id=29977
2026-09-08,46440,,Prosal S.A.,276369916,                    ,Pendiente,http://dassaweb.mqbic.com/NewTallyExpoConsumo.php?id=6052
2026-09-08,46441,,Prosal S.A.,276369916,                    ,Pendiente,http://dassaweb.mqbic.com/NewTallyExpoConsumo.php?id=6052
2026-09-08,46442,,Prosal S.A.,276369916,                    ,Pendiente,http://dassaweb.mqbic.com/NewTallyExpoConsumo.php?id=6052
2026-09-08,46443,,Prosal S.A.,276369916,                    ,Pendiente,http://dassaweb.mqbic.com/NewTallyExpoConsumo.php?id=6052
2026-09-08,46435,,Prosal S.A.,276369916,                    ,Pendiente,http://dassaweb.mqbic.com/NewTallyExpoConsumo.php?id=6052
2026-09-08,46436,,Prosal S.A.,276369916,                    ,Pendiente,http://dassaweb.mqbic.com/NewTallyExpoConsumo.php?id=6052
2026-09-08,46437,,Prosal S.A.,276369916,                    ,Pendiente,http://dassaweb.mqbic.com/NewTallyExpoConsumo.php?id=6052
2026-09-08,46438,,Prosal S.A.,276369916,                    ,Pendiente,http://dassaweb.mqbic.com/NewTallyExpoConsumo.php?id=6052
2026-09-08,46439,,Prosal S.A.,276369916,                    ,Pendiente,http://dassaweb.mqbic.com/NewTallyExpoConsumo.php?id=6052
2026-09-07,46428,,Prosal S.A.,275963141,                    ,Pendiente,http://dassaweb.mqbic.com/NewTallyExpoConsumo.php?id=6052
2026-09-07,46429,,Prosal S.A.,275963141,                    ,Pendiente,http://dassaweb.mqbic.com/NewTallyExpoConsumo.php?id=6052
2026-09-07,46422,,Prosal S.A.,275963141,                    ,Pendiente,http://dassaweb.mqbic.com/NewTallyExpoConsumo.php?id=6052
2026-09-07,46423,,Prosal S.A.,275963141,                    ,Pendiente,http://dassaweb.mqbic.com/NewTallyExpoConsumo.php?id=6052
2026-09-07,46424,,Prosal S.A.,275963141,                    ,Pendiente,http://dassaweb.mqbic.com/NewTallyExpoConsumo.php?id=6052
2026-09-07,46425,,Prosal S.A.,275963141,                    ,Pendiente,http://dassaweb.mqbic.com/NewTallyExpoConsumo.php?id=6052
2026-09-07,46426,,Prosal S.A.,275963141,                    ,Pendiente,http://dassaweb.mqbic.com/NewTallyExpoConsumo.php?id=6052
2026-09-07,46427,,Prosal S.A.,275963141,                    ,Pendiente,http://dassaweb.mqbic.com/NewTallyExpoConsumo.php?id=6052
2026-09-07,46417,,Prosal S.A.,275963141,                    ,Pendiente,http://dassaweb.mqbic.com/NewTallyExpoConsumo.php?id=6052
2026-09-07,46418,,Prosal S.A.,275963141,                    ,Pendiente,http://dassaweb.mqbic.com/NewTallyExpoConsumo.php?id=6052
2026-09-07,46419,,Prosal S.A.,275963141,                    ,Pendiente,http://dassaweb.mqbic.com/NewTallyExpoConsumo.php?id=6052
2026-09-07,46420,,Prosal S.A.,275963141,                    ,Pendiente,http://dassaweb.mqbic.com/NewTallyExpoConsumo.php?id=6052
2026-09-07,46421,,Prosal S.A.,275963141,                    ,Pendiente,http://dassaweb.mqbic.com/NewTallyExpoConsumo.php?id=6052
2026-09-07,46392,,Prosal S.A.,275769542,                    ,Pendiente,http://dassaweb.mqbic.com/NewTallyExpoConsumo.php?id=6052
2026-09-07,46393,,Prosal S.A.,275769542,                    ,Pendiente,http://dassaweb.mqbic.com/NewTallyExpoConsumo.php?id=6052
2026-09-07,46394,,Prosal S.A.,275769542,                    ,Pendiente,http://dassaweb.mqbic.com/NewTallyExpoConsumo.php?id=6052
2026-09-07,46395,,Prosal S.A.,275769542,                    ,Pendiente,http://dassaweb.mqbic.com/NewTallyExpoConsumo.php?id=6052
2026-08-31,46215,MRKU-473527-6,Prosal S.A.,276198344,*********           ,Arribado,
2026-08-31,46216,MSKU-177136-9,Prosal S.A.,276198344,*****               ,Arribado,
2026-08-31,46217,MRSU-345936-6,Prosal S.A.,276198344,*****               ,Arribado,
2026-08-31,46218,MRKU-526220-2,Prosal S.A.,276198344,******              ,Arribado,
2026-08-31,46219,MRKU-213475-9,Prosal S.A.,276198344,*****               ,Arribado,
2026-08-31,46220,MRSU-503728-8,Prosal S.A.,276198344,*****               ,Arribado,
2026-08-31,46213,MRKU-562647-5,Prosal S.A.,276198344,*****               ,Arribado,
2026-08-31,46214,GCXU-572267-3,Prosal S.A.,276198344,*****               ,Arribado,
2026-08-21,46003,CAIU-618926-0,Prosal S.A.,BUEA40243000,*******             ,Arribado,http://dassaweb.mqbic.com/NewTallyExpoConsumo.php?id=29967
2026-08-21,45922,CMAU-599458-6,Prosal S.A.,BUA0377202,K1236014            ,Arribado,http://dassaweb.mqbic.com/NewTallyExpoConsumo.php?id=29972
2026-08-21,45923,TXGU-750365-9,Prosal S.A.,BUA0377202,K1236009            ,Arribado,http://dassaweb.mqbic.com/NewTallyExpoConsumo.php?id=29973
2026-08-21,45924,TCLU-660117-8,Prosal S.A.,BUA0377202,K1236093            ,Arribado,http://dassaweb.mqbic.com/NewTallyExpoConsumo.php?id=29974
2026-08-18,45836,HPCU-536676-5,Prosal S.A.,BUA0375872,k1234700            ,Arribado,http://dassaweb.mqbic.com/NewTallyExpoConsumo.php?id=29910
2026-08-18,45837,HPCU-536873-1,Prosal S.A.,BUA0375872,K1234689            ,Arribado,http://dassaweb.mqbic.com/NewTallyExpoConsumo.php?id=29911
2026-08-19,45915,HMMU-210336-9,Prosal S.A.,BUEA03879800,***                 ,Arribado,http://dassaweb.mqbic.com/NewTallyExpoConsumo.php?id=29966
2026-08-18,45830,ECMU-514025-5,Prosal S.A.,BUA0375872,k1234665            ,Arribado,http://dassaweb.mqbic.com/NewTallyExpoConsumo.php?id=29904
2026-08-18,45831,HPCU-537579-3,Prosal S.A.,BUA0375872,K1234628            ,Arribado,http://dassaweb.mqbic.com/NewTallyExpoConsumo.php?id=29905
2026-08-18,45832,TCNU-320598-8,Prosal S.A.,BUA0375872,k1234623            ,Arribado,http://dassaweb.mqbic.com/NewTallyExpoConsumo.php?id=29906
2026-08-18,45833,ECMU-480407-2,Prosal S.A.,BUA0375872,K1234680            ,Arribado,http://dassaweb.mqbic.com/NewTallyExpoConsumo.php?id=29908
2026-08-18,45834,TCKU-714391-4,Prosal S.A.,BUA0375872,K1234604            ,Arribado,http://dassaweb.mqbic.com/NewTallyExpoConsumo.php?id=29909
2026-08-18,45835,TCNU-163468-5,Prosal S.A.,BUA0375872,K1234657            ,Arribado,http://dassaweb.mqbic.com/NewTallyExpoConsumo.php?id=29907
2026-08-18,45828,CMAU-356173-5,Prosal S.A.,BUA0375872,K1234557            ,Arribado,http://dassaweb.mqbic.com/NewTallyExpoConsumo.php?id=29902
2026-08-18,45829,FFAU-766474-5,Prosal S.A.,BUA0375872,K1234630            ,Arribado,http://dassaweb.mqbic.com/NewTallyExpoConsumo.php?id=29903
2026-08-18,45812,ECMU-501513-0,Prosal S.A.,BUA0375829,K1234587            ,Arribado,http://dassaweb.mqbic.com/NewTallyExpoConsumo.php?id=29921
2026-08-18,45813,TCNU-540451-0,Prosal S.A.,BUA0375829,k1234639            ,Arribado,http://dassaweb.mqbic.com/NewTallyExpoConsumo.php?id=29924
2026-08-18,45814,ECMU-515787-5,Prosal S.A.,BUA0375829,k1234585            ,Arribado,http://dassaweb.mqbic.com/NewTallyExpoConsumo.php?id=29922
2026-08-18,45815,TIIU-758367-1,Prosal S.A.,BUA0375829,k1234607            ,Arribado,http://dassaweb.mqbic.com/NewTallyExpoConsumo.php?id=29925
2026-08-19,45816,TGCU-549007-0,Prosal S.A.,BUA0375829,K1236133            ,Arribado,http://dassaweb.mqbic.com/NewTallyExpoConsumo.php?id=29936
2026-08-18,45802,CMAU-363805-6,Prosal S.A.,BUA0375805,k1234646            ,Arribado,http://dassaweb.mqbic.com/NewTallyExpoConsumo.php?id=29900
2026-08-18,45803,TIIU-774974-1,Prosal S.A.,BUA0375805,K1234614            ,Arribado,http://dassaweb.mqbic.com/NewTallyExpoConsumo.php?id=29901
2026-08-13,45751,MSDU-132176-7,Prosal S.A.,EBKG18087580,FX45809949          ,Arribado,http://dassaweb.mqbic.com/NewTallyExpoConsumo.php?id=29891
2026-08-18,45799,CMAU-346347-2,Prosal S.A.,BUA0375805,k1234588            ,Arribado,http://dassaweb.mqbic.com/NewTallyExpoConsumo.php?id=29897
2026-08-18,45800,ECMU-756825-8,Prosal S.A.,BUA0375805,k1234626            ,Arribado,http://dassaweb.mqbic.com/NewTallyExpoConsumo.php?id=29898
2026-08-18,45801,HPCU-536868-6,Prosal S.A.,BUA0375805,k1234631            ,Arribado,http://dassaweb.mqbic.com/NewTallyExpoConsumo.php?id=29899
2026-07-24,45179,CMAU-237371-2,Prosal S.A.,BUA0374460,K1230374            ,Arribado,http://dassaweb.mqbic.com/NewTallyExpoConsumo.php?id=29728
2026-08-12,45749,TGBU-314367-5,Prosal S.A.,EBKG18087580,FX45809986          ,Arribado,http://dassaweb.mqbic.com/NewTallyExpoConsumo.php?id=29889
2026-08-12,45750,TGBU-104914-5,Prosal S.A.,EBKG18087580,FX45809985          ,Arribado,http://dassaweb.mqbic.com/NewTallyExpoConsumo.php?id=29890
2026-07-20,45077,HAMU-110100-5,Prosal S.A.,27717051,**********          ,Arribado,http://dassaweb.mqbic.com/NewTallyExpoConsumo.php?id=29698
2026-07-21,45108,UACU-399815-8,Prosal S.A.,39347710,***********         ,Arribado,http://dassaweb.mqbic.com/NewTallyExpoConsumo.php?id=29705
2026-07-21,45109,HAMU-110448-9,Prosal S.A.,39347710,***********         ,Arribado,http://dassaweb.mqbic.com/NewTallyExpoConsumo.php?id=29706
2026-07-21,45110,HLBU-351597-7,Prosal S.A.,39347710,*********           ,Arribado,http://dassaweb.mqbic.com/NewTallyExpoConsumo.php?id=29707
2026-07-21,45111,CAIU-667934-9,Prosal S.A.,39347710,*************       ,Arribado,http://dassaweb.mqbic.com/NewTallyExpoConsumo.php?id=29708
2026-07-20,45074,HLXU-127625-3,Prosal S.A.,27717051,*********           ,Arribado,http://dassaweb.mqbic.com/NewTallyExpoConsumo.php?id=29697
2026-07-20,45075,GESU-108389-5,Prosal S.A.,27717051,************        ,Arribado,http://dassaweb.mqbic.com/NewTallyExpoConsumo.php?id=29695
2026-07-20,45076,FCIU-659361-8,Prosal S.A.,27717051,**********          ,Arribado,http://dassaweb.mqbic.com/NewTallyExpoConsumo.php?id=29696
2026-07-16,45021,,Intercontainers Ship...,26001EC01047964S,                    ,Arribado,http://dassaweb.mqbic.com/NewTallyExpoConsumo.php?id=6052
2026-07-16,45022,,Intercontainers Ship...,26001EC01047964S,                    ,Arribado,http://dassaweb.mqbic.com/NewTallyExpoConsumo.php?id=6052
2026-07-23,45170,,Intercontainers Ship...,26001EC01050190D,                    ,Arribado,http://dassaweb.mqbic.com/NewTallyExpoConsumo.php?id=6052
2026-08-31,46253,,Intercontainers Ship...,26001EC01055187Y,                    ,Arribado,http://dassaweb.mqbic.com/NewTallyExpoConsumo.php?id=6052
2026-08-31,46254,,Intercontainers Ship...,26001EC01055187Y,                    ,Arribado,http://dassaweb.mqbic.com/NewTallyExpoConsumo.php?id=6052
2026-08-14,45787,,Intercontainers Ship...,terrestre,                    ,Arribado,http://dassaweb.mqbic.com/NewTallyExpoConsumo.php?id=6052
2026-08-14,45788,,Intercontainers Ship...,terrestre,                    ,Arribado,http://dassaweb.mqbic.com/NewTallyExpoConsumo.php?id=6052
2026-08-25,46074,,Intercontainers Ship...,26001EC01057914Y,                    ,Arribado,http://dassaweb.mqbic.com/NewTallyExpoConsumo.php?id=6052
2026-07-29,45320,,Intercontainers Ship...,26001EC01051662X,                    ,Arribado,http://dassaweb.mqbic.com/NewTallyExpoConsumo.php?id=6052
2026-07-31,45371,,Intercontainers Ship...,26001EC01052105B,                    ,Arribado,http://dassaweb.mqbic.com/NewTallyExpoConsumo.php?id=6052
2026-08-12,45745,,Intercontainers Ship...,terrestres,                    ,Arribado,http://dassaweb.mqbic.com/NewTallyExpoConsumo.php?id=6052
2026-07-16,45057,,Florio Leonardo Arie...,26001EC01046636N,                    ,Arribado,http://dassaweb.mqbic.com/NewTallyExpoConsumo.php?id=6052
2026-08-03,45396,FFAU-170489-8,Comworks Sa,EBKG17878896,FX33004658          ,Arribado,http://dassaweb.mqbic.com/NewTallyExpoConsumo.php?id=29779
2026-08-03,45397,CAAU-586629-7,Comworks Sa,EBKG17878896,FX33004659          ,Arribado,http://dassaweb.mqbic.com/NewTallyExpoConsumo.php?id=29778
