Company,Total Saldo,Total Neto,Total Importe
Comex,14733406.93,43140717.2400,51106276.590000000
Liftvan,67894357.56,181091078.3200,219071595.670000000
Mercovan,12431343.72,29373470.5000,35468174.190000000
